Timestamp,AC_Unit_Power_W,Fan_Power_W,Heater_Power_W,AC_Unit_Status,Fan_Status,Heater_Status,Total_Power_W,Date,Hour,Day_of_Week,AC_Unit_Energy_kWh,Fan_Energy_kWh,Heater_Energy_kWh,Total_Energy_kWh
2025-09-01 00:00:00,0.0,311.17,0.0,OFF,ON,OFF,311.17,2025-09-01,0,Monday,0.0,0.31117,0.0,0.31117
2025-09-01 01:00:00,0.0,0.0,0.0,OFF,OFF,OFF,0.0,2025-09-01,1,Monday,0.0,0.0,0.0,0.0
2025-09-01 02:00:00,603.28,329.75,389.29,ON,ON,ON,1322.32,2025-09-01,2,Monday,0.6032799999999999,0.32975,0.38929,1.32232
2025-09-01 03:00:00,0.0,0.0,0.0,OFF,OFF,OFF,0.0,2025-09-01,3,Monday,0.0,0.0,0.0,0.0
2025-09-01 04:00:00,0.0,296.89,0.0,OFF,ON,OFF,296.89,2025-09-01,4,Monday,0.0,0.29689,0.0,0.29689
2025-09-01 05:00:00,0.0,0.0,0.0,OFF,OFF,OFF,0.0,2025-09-01,5,Monday,0.0,0.0,0.0,0.0
2025-09-01 06:00:00,578.4,0.0,0.0,ON,OFF,OFF,578.4,2025-09-01,6,Monday,0.5784,0.0,0.0,0.5784
2025-09-01 07:00:00,719.61,0.0,0.0,ON,OFF,OFF,719.61,2025-09-01,7,Monday,0.71961,0.0,0.0,0.71961
2025-09-01 08:00:00,0.0,0.0,0.0,OFF,OFF,OFF,0.0,2025-09-01,8,Monday,0.0,0.0,0.0,0.0
2025-09-01 09:00:00,0.0,0.0,0.0,OFF,OFF,OFF,0.0,2025-09-01,9,Monday,0.0,0.0,0.0,0.0
2025-09-01 10:00:00,699.34,0.0,0.0,ON,OFF,OFF,699.34,2025-09-01,10,Monday,0.6993400000000001,0.0,0.0,0.6993400000000001
2025-09-01 11:00:00,575.84,311.8,0.0,ON,ON,OFF,887.6400000000001,2025-09-01,11,Monday,0.57584,0.3118,0.0,0.8876400000000001
2025-09-01 12:00:00,632.18,320.85,0.0,ON,ON,OFF,953.03,2025-09-01,12,Monday,0.63218,0.32085,0.0,0.9530299999999999
2025-09-01 13:00:00,688.16,336.59,0.0,ON,ON,OFF,1024.75,2025-09-01,13,Monday,0.68816,0.33659,0.0,1.02475
2025-09-01 14:00:00,635.07,0.0,0.0,ON,OFF,OFF,635.07,2025-09-01,14,Monday,0.63507,0.0,0.0,0.63507
2025-09-01 15:00:00,0.0,0.0,0.0,OFF,OFF,OFF,0.0,2025-09-01,15,Monday,0.0,0.0,0.0,0.0
2025-09-01 16:00:00,605.34,0.0,0.0,ON,OFF,OFF,605.34,2025-09-01,16,Monday,0.60534,0.0,0.0,0.60534
2025-09-01 17:00:00,601.77,358.58,0.0,ON,ON,OFF,960.3499999999999,2025-09-01,17,Monday,0.60177,0.35858,0.0,0.9603499999999999
2025-09-01 18:00:00,0.0,322.52,0.0,OFF,ON,OFF,322.52,2025-09-01,18,Monday,0.0,0.32252,0.0,0.32252
2025-09-01 19:00:00,0.0,312.71,0.0,OFF,ON,OFF,312.71,2025-09-01,19,Monday,0.0,0.31271,0.0,0.31271
2025-09-01 20:00:00,737.54,322.77,0.0,ON,ON,OFF,1060.31,2025-09-01,20,Monday,0.73754,0.32277,0.0,1.0603099999999999
2025-09-01 21:00:00,578.04,0.0,0.0,ON,OFF,OFF,578.04,2025-09-01,21,Monday,0.57804,0.0,0.0,0.57804
2025-09-01 22:00:00,716.64,324.27,0.0,ON,ON,OFF,1040.9099999999999,2025-09-01,22,Monday,0.7166399999999999,0.32427,0.0,1.0409099999999998
2025-09-01 23:00:00,664.66,360.43,0.0,ON,ON,OFF,1025.09,2025-09-01,23,Monday,0.6646599999999999,0.36043000000000003,0.0,1.0250899999999998
2025-09-02 00:00:00,0.0,341.37,0.0,OFF,ON,OFF,341.37,2025-09-02,0,Tuesday,0.0,0.34137,0.0,0.34137
2025-09-02 01:00:00,0.0,303.81,0.0,OFF,ON,OFF,303.81,2025-09-02,1,Tuesday,0.0,0.30381,0.0,0.30381
2025-09-02 02:00:00,0.0,354.16,0.0,OFF,ON,OFF,354.16,2025-09-02,2,Tuesday,0.0,0.35416000000000003,0.0,0.35416000000000003
2025-09-02 03:00:00,0.0,356.58,0.0,OFF,ON,OFF,356.58,2025-09-02,3,Tuesday,0.0,0.35658,0.0,0.35658
2025-09-02 04:00:00,0.0,336.58,0.0,OFF,ON,OFF,336.58,2025-09-02,4,Tuesday,0.0,0.33658,0.0,0.33658
2025-09-02 05:00:00,0.0,0.0,0.0,OFF,OFF,OFF,0.0,2025-09-02,5,Tuesday,0.0,0.0,0.0,0.0
2025-09-02 06:00:00,0.0,317.82,388.55,OFF,ON,ON,706.37,2025-09-02,6,Tuesday,0.0,0.31782,0.38855,0.70637
2025-09-02 07:00:00,0.0,0.0,0.0,OFF,OFF,OFF,0.0,2025-09-02,7,Tuesday,0.0,0.0,0.0,0.0
2025-09-02 08:00:00,0.0,358.85,0.0,OFF,ON,OFF,358.85,2025-09-02,8,Tuesday,0.0,0.35885,0.0,0.35885
2025-09-02 09:00:00,710.41,346.91,0.0,ON,ON,OFF,1057.32,2025-09-02,9,Tuesday,0.71041,0.34691000000000005,0.0,1.05732
2025-09-02 10:00:00,612.46,353.94,0.0,ON,ON,OFF,966.4000000000001,2025-09-02,10,Tuesday,0.61246,0.35394,0.0,0.9664
2025-09-02 11:00:00,704.35,309.71,0.0,ON,ON,OFF,1014.06,2025-09-02,11,Tuesday,0.70435,0.30971,0.0,1.01406
2025-09-02 12:00:00,646.66,0.0,0.0,ON,OFF,OFF,646.66,2025-09-02,12,Tuesday,0.64666,0.0,0.0,0.64666
2025-09-02 13:00:00,626.89,335.22,0.0,ON,ON,OFF,962.11,2025-09-02,13,Tuesday,0.62689,0.33522,0.0,0.96211
2025-09-02 14:00:00,684.82,311.54,0.0,ON,ON,OFF,996.3600000000001,2025-09-02,14,Tuesday,0.6848200000000001,0.31154000000000004,0.0,0.9963600000000001
2025-09-02 15:00:00,0.0,0.0,0.0,OFF,OFF,OFF,0.0,2025-09-02,15,Tuesday,0.0,0.0,0.0,0.0
2025-09-02 16:00:00,586.22,0.0,0.0,ON,OFF,OFF,586.22,2025-09-02,16,Tuesday,0.5862200000000001,0.0,0.0,0.5862200000000001
2025-09-02 17:00:00,0.0,0.0,0.0,OFF,OFF,OFF,0.0,2025-09-02,17,Tuesday,0.0,0.0,0.0,0.0
2025-09-02 18:00:00,0.0,0.0,0.0,OFF,OFF,OFF,0.0,2025-09-02,18,Tuesday,0.0,0.0,0.0,0.0
2025-09-02 19:00:00,652.38,344.49,0.0,ON,ON,OFF,996.87,2025-09-02,19,Tuesday,0.65238,0.34449,0.0,0.99687
2025-09-02 20:00:00,0.0,0.0,0.0,OFF,OFF,OFF,0.0,2025-09-02,20,Tuesday,0.0,0.0,0.0,0.0
2025-09-02 21:00:00,609.22,308.99,0.0,ON,ON,OFF,918.21,2025-09-02,21,Tuesday,0.60922,0.30899,0.0,0.9182100000000001
2025-09-02 22:00:00,609.44,357.28,0.0,ON,ON,OFF,966.72,2025-09-02,22,Tuesday,0.6094400000000001,0.35728,0.0,0.96672
2025-09-02 23:00:00,0.0,0.0,0.0,OFF,OFF,OFF,0.0,2025-09-02,23,Tuesday,0.0,0.0,0.0,0.0
2025-09-03 00:00:00,751.61,0.0,0.0,ON,OFF,OFF,751.61,2025-09-03,0,Wednesday,0.75161,0.0,0.0,0.75161
2025-09-03 01:00:00,0.0,0.0,0.0,OFF,OFF,OFF,0.0,2025-09-03,1,Wednesday,0.0,0.0,0.0,0.0
2025-09-03 02:00:00,0.0,300.32,0.0,OFF,ON,OFF,300.32,2025-09-03,2,Wednesday,0.0,0.30032,0.0,0.30032
2025-09-03 03:00:00,0.0,0.0,0.0,OFF,OFF,OFF,0.0,2025-09-03,3,Wednesday,0.0,0.0,0.0,0.0
2025-09-03 04:00:00,0.0,359.53,0.0,OFF,ON,OFF,359.53,2025-09-03,4,Wednesday,0.0,0.35952999999999996,0.0,0.35952999999999996
2025-09-03 05:00:00,0.0,306.66,0.0,OFF,ON,OFF,306.66,2025-09-03,5,Wednesday,0.0,0.30666000000000004,0.0,0.30666000000000004
2025-09-03 06:00:00,667.24,0.0,0.0,ON,OFF,OFF,667.24,2025-09-03,6,Wednesday,0.66724,0.0,0.0,0.66724
2025-09-03 07:00:00,0.0,329.59,0.0,OFF,ON,OFF,329.59,2025-09-03,7,Wednesday,0.0,0.32959,0.0,0.32959
2025-09-03 08:00:00,0.0,301.74,0.0,OFF,ON,OFF,301.74,2025-09-03,8,Wednesday,0.0,0.30174,0.0,0.30174
2025-09-03 09:00:00,606.56,0.0,0.0,ON,OFF,OFF,606.56,2025-09-03,9,Wednesday,0.60656,0.0,0.0,0.60656
2025-09-03 10:00:00,677.58,0.0,0.0,ON,OFF,OFF,677.58,2025-09-03,10,Wednesday,0.6775800000000001,0.0,0.0,0.6775800000000001
2025-09-03 11:00:00,663.4,358.04,0.0,ON,ON,OFF,1021.44,2025-09-03,11,Wednesday,0.6634,0.35804,0.0,1.0214400000000001
2025-09-03 12:00:00,638.3,0.0,0.0,ON,OFF,OFF,638.3,2025-09-03,12,Wednesday,0.6383,0.0,0.0,0.6383
2025-09-03 13:00:00,708.69,301.24,0.0,ON,ON,OFF,1009.9300000000001,2025-09-03,13,Wednesday,0.70869,0.30124,0.0,1.00993
2025-09-03 14:00:00,574.55,0.0,0.0,ON,OFF,OFF,574.55,2025-09-03,14,Wednesday,0.57455,0.0,0.0,0.57455
2025-09-03 15:00:00,734.19,354.39,0.0,ON,ON,OFF,1088.58,2025-09-03,15,Wednesday,0.73419,0.35439,0.0,1.0885799999999999
2025-09-03 16:00:00,699.13,336.76,0.0,ON,ON,OFF,1035.8899999999999,2025-09-03,16,Wednesday,0.69913,0.33676,0.0,1.03589
2025-09-03 17:00:00,0.0,0.0,472.63,OFF,OFF,ON,472.63,2025-09-03,17,Wednesday,0.0,0.0,0.47263,0.47263
2025-09-03 18:00:00,586.61,0.0,0.0,ON,OFF,OFF,586.61,2025-09-03,18,Wednesday,0.58661,0.0,0.0,0.58661
2025-09-03 19:00:00,613.9,336.31,0.0,ON,ON,OFF,950.21,2025-09-03,19,Wednesday,0.6139,0.33631,0.0,0.95021
2025-09-03 20:00:00,0.0,313.85,0.0,OFF,ON,OFF,313.85,2025-09-03,20,Wednesday,0.0,0.31385,0.0,0.31385
2025-09-03 21:00:00,578.31,0.0,0.0,ON,OFF,OFF,578.31,2025-09-03,21,Wednesday,0.57831,0.0,0.0,0.57831
2025-09-03 22:00:00,712.49,338.43,414.11,ON,ON,ON,1465.0300000000002,2025-09-03,22,Wednesday,0.71249,0.33843,0.41411000000000003,1.4650300000000003
2025-09-03 23:00:00,0.0,297.1,0.0,OFF,ON,OFF,297.1,2025-09-03,23,Wednesday,0.0,0.29710000000000003,0.0,0.29710000000000003
2025-09-04 00:00:00,667.91,0.0,0.0,ON,OFF,OFF,667.91,2025-09-04,0,Thursday,0.66791,0.0,0.0,0.66791
2025-09-04 01:00:00,0.0,304.86,0.0,OFF,ON,OFF,304.86,2025-09-04,1,Thursday,0.0,0.30486,0.0,0.30486
2025-09-04 02:00:00,0.0,0.0,0.0,OFF,OFF,OFF,0.0,2025-09-04,2,Thursday,0.0,0.0,0.0,0.0
2025-09-04 03:00:00,0.0,0.0,0.0,OFF,OFF,OFF,0.0,2025-09-04,3,Thursday,0.0,0.0,0.0,0.0
2025-09-04 04:00:00,0.0,354.71,0.0,OFF,ON,OFF,354.71,2025-09-04,4,Thursday,0.0,0.35470999999999997,0.0,0.35470999999999997
2025-09-04 05:00:00,0.0,0.0,484.51,OFF,OFF,ON,484.51,2025-09-04,5,Thursday,0.0,0.0,0.48451,0.48451
2025-09-04 06:00:00,0.0,0.0,0.0,OFF,OFF,OFF,0.0,2025-09-04,6,Thursday,0.0,0.0,0.0,0.0
2025-09-04 07:00:00,0.0,318.34,0.0,OFF,ON,OFF,318.34,2025-09-04,7,Thursday,0.0,0.31833999999999996,0.0,0.31833999999999996
2025-09-04 08:00:00,0.0,0.0,0.0,OFF,OFF,OFF,0.0,2025-09-04,8,Thursday,0.0,0.0,0.0,0.0
2025-09-04 09:00:00,0.0,303.58,0.0,OFF,ON,OFF,303.58,2025-09-04,9,Thursday,0.0,0.30357999999999996,0.0,0.30357999999999996
2025-09-04 10:00:00,0.0,0.0,0.0,OFF,OFF,OFF,0.0,2025-09-04,10,Thursday,0.0,0.0,0.0,0.0
2025-09-04 11:00:00,0.0,348.86,0.0,OFF,ON,OFF,348.86,2025-09-04,11,Thursday,0.0,0.34886,0.0,0.34886
2025-09-04 12:00:00,624.95,353.4,0.0,ON,ON,OFF,978.35,2025-09-04,12,Thursday,0.62495,0.3534,0.0,0.97835
2025-09-04 13:00:00,0.0,322.79,0.0,OFF,ON,OFF,322.79,2025-09-04,13,Thursday,0.0,0.32279,0.0,0.32279
2025-09-04 14:00:00,0.0,0.0,0.0,OFF,OFF,OFF,0.0,2025-09-04,14,Thursday,0.0,0.0,0.0,0.0
2025-09-04 15:00:00,750.33,0.0,0.0,ON,OFF,OFF,750.33,2025-09-04,15,Thursday,0.75033,0.0,0.0,0.75033
2025-09-04 16:00:00,704.08,317.13,0.0,ON,ON,OFF,1021.21,2025-09-04,16,Thursday,0.70408,0.31713,0.0,1.02121
2025-09-04 17:00:00,0.0,0.0,0.0,OFF,OFF,OFF,0.0,2025-09-04,17,Thursday,0.0,0.0,0.0,0.0
2025-09-04 18:00:00,560.4,357.44,0.0,ON,ON,OFF,917.8399999999999,2025-09-04,18,Thursday,0.5604,0.35744,0.0,0.9178399999999999
2025-09-04 19:00:00,692.63,0.0,0.0,ON,OFF,OFF,692.63,2025-09-04,19,Thursday,0.69263,0.0,0.0,0.69263
2025-09-04 20:00:00,625.34,317.14,0.0,ON,ON,OFF,942.48,2025-09-04,20,Thursday,0.62534,0.31714,0.0,0.94248
2025-09-04 21:00:00,0.0,0.0,0.0,OFF,OFF,OFF,0.0,2025-09-04,21,Thursday,0.0,0.0,0.0,0.0
2025-09-04 22:00:00,618.51,304.85,0.0,ON,ON,OFF,923.36,2025-09-04,22,Thursday,0.61851,0.30485,0.0,0.92336
2025-09-04 23:00:00,0.0,0.0,0.0,OFF,OFF,OFF,0.0,2025-09-04,23,Thursday,0.0,0.0,0.0,0.0
2025-09-05 00:00:00,0.0,0.0,0.0,OFF,OFF,OFF,0.0,2025-09-05,0,Friday,0.0,0.0,0.0,0.0
2025-09-05 01:00:00,0.0,324.78,0.0,OFF,ON,OFF,324.78,2025-09-05,1,Friday,0.0,0.32477999999999996,0.0,0.32477999999999996
2025-09-05 02:00:00,0.0,0.0,0.0,OFF,OFF,OFF,0.0,2025-09-05,2,Friday,0.0,0.0,0.0,0.0
2025-09-05 03:00:00,0.0,355.83,0.0,OFF,ON,OFF,355.83,2025-09-05,3,Friday,0.0,0.35583,0.0,0.35583
2025-09-05 04:00:00,0.0,330.42,0.0,OFF,ON,OFF,330.42,2025-09-05,4,Friday,0.0,0.33042,0.0,0.33042
2025-09-05 05:00:00,0.0,345.94,0.0,OFF,ON,OFF,345.94,2025-09-05,5,Friday,0.0,0.34594,0.0,0.34594
2025-09-05 06:00:00,0.0,298.07,412.3,OFF,ON,ON,710.37,2025-09-05,6,Friday,0.0,0.29807,0.4123,0.7103700000000001
2025-09-05 07:00:00,0.0,0.0,430.18,OFF,OFF,ON,430.18,2025-09-05,7,Friday,0.0,0.0,0.43018,0.43018
2025-09-05 08:00:00,0.0,329.03,0.0,OFF,ON,OFF,329.03,2025-09-05,8,Friday,0.0,0.32903,0.0,0.32903
2025-09-05 09:00:00,708.51,0.0,467.67,ON,OFF,ON,1176.18,2025-09-05,9,Friday,0.70851,0.0,0.46767000000000003,1.17618
2025-09-05 10:00:00,749.43,330.58,0.0,ON,ON,OFF,1080.01,2025-09-05,10,Friday,0.7494299999999999,0.33058,0.0,1.08001
2025-09-05 11:00:00,650.29,349.26,0.0,ON,ON,OFF,999.55,2025-09-05,11,Friday,0.6502899999999999,0.34926,0.0,0.9995499999999999
2025-09-05 12:00:00,747.86,0.0,0.0,ON,OFF,OFF,747.86,2025-09-05,12,Friday,0.74786,0.0,0.0,0.74786
2025-09-05 13:00:00,0.0,0.0,0.0,OFF,OFF,OFF,0.0,2025-09-05,13,Friday,0.0,0.0,0.0,0.0
2025-09-05 14:00:00,737.42,0.0,0.0,ON,OFF,OFF,737.42,2025-09-05,14,Friday,0.73742,0.0,0.0,0.73742
2025-09-05 15:00:00,608.94,338.47,0.0,ON,ON,OFF,947.4100000000001,2025-09-05,15,Friday,0.60894,0.33847000000000005,0.0,0.9474100000000001
2025-09-05 16:00:00,614.34,0.0,0.0,ON,OFF,OFF,614.34,2025-09-05,16,Friday,0.61434,0.0,0.0,0.61434
2025-09-05 17:00:00,623.26,332.05,0.0,ON,ON,OFF,955.31,2025-09-05,17,Friday,0.62326,0.33205,0.0,0.95531
2025-09-05 18:00:00,699.7,300.69,0.0,ON,ON,OFF,1000.3900000000001,2025-09-05,18,Friday,0.6997000000000001,0.30069,0.0,1.0003900000000001
2025-09-05 19:00:00,600.95,324.14,0.0,ON,ON,OFF,925.09,2025-09-05,19,Friday,0.6009500000000001,0.32414,0.0,0.9250900000000001
2025-09-05 20:00:00,0.0,352.9,0.0,OFF,ON,OFF,352.9,2025-09-05,20,Friday,0.0,0.3529,0.0,0.3529
2025-09-05 21:00:00,0.0,319.63,465.92,OFF,ON,ON,785.55,2025-09-05,21,Friday,0.0,0.31962999999999997,0.46592,0.78555
2025-09-05 22:00:00,0.0,0.0,0.0,OFF,OFF,OFF,0.0,2025-09-05,22,Friday,0.0,0.0,0.0,0.0
2025-09-05 23:00:00,0.0,310.99,0.0,OFF,ON,OFF,310.99,2025-09-05,23,Friday,0.0,0.31099,0.0,0.31099
2025-09-06 00:00:00,0.0,318.6,458.08,OFF,ON,ON,776.6800000000001,2025-09-06,0,Saturday,0.0,0.31860000000000005,0.45808,0.77668
2025-09-06 01:00:00,0.0,304.87,0.0,OFF,ON,OFF,304.87,2025-09-06,1,Saturday,0.0,0.30487000000000003,0.0,0.30487000000000003
2025-09-06 02:00:00,0.0,333.64,0.0,OFF,ON,OFF,333.64,2025-09-06,2,Saturday,0.0,0.33364,0.0,0.33364
2025-09-06 03:00:00,651.33,299.77,0.0,ON,ON,OFF,951.1,2025-09-06,3,Saturday,0.6513300000000001,0.29977,0.0,0.9511000000000001
2025-09-06 04:00:00,0.0,346.61,0.0,OFF,ON,OFF,346.61,2025-09-06,4,Saturday,0.0,0.34661000000000003,0.0,0.34661000000000003
2025-09-06 05:00:00,0.0,0.0,0.0,OFF,OFF,OFF,0.0,2025-09-06,5,Saturday,0.0,0.0,0.0,0.0
2025-09-06 06:00:00,666.69,362.33,423.38,ON,ON,ON,1452.4,2025-09-06,6,Saturday,0.66669,0.36233,0.42338,1.4524000000000001
2025-09-06 07:00:00,0.0,0.0,0.0,OFF,OFF,OFF,0.0,2025-09-06,7,Saturday,0.0,0.0,0.0,0.0
2025-09-06 08:00:00,0.0,0.0,0.0,OFF,OFF,OFF,0.0,2025-09-06,8,Saturday,0.0,0.0,0.0,0.0
2025-09-06 09:00:00,692.4,333.61,0.0,ON,ON,OFF,1026.01,2025-09-06,9,Saturday,0.6924,0.33361,0.0,1.02601
2025-09-06 10:00:00,593.23,0.0,0.0,ON,OFF,OFF,593.23,2025-09-06,10,Saturday,0.59323,0.0,0.0,0.59323
2025-09-06 11:00:00,722.02,0.0,0.0,ON,OFF,OFF,722.02,2025-09-06,11,Saturday,0.72202,0.0,0.0,0.72202
2025-09-06 12:00:00,0.0,317.01,457.89,OFF,ON,ON,774.9,2025-09-06,12,Saturday,0.0,0.31701,0.45788999999999996,0.7748999999999999
2025-09-06 13:00:00,0.0,301.47,0.0,OFF,ON,OFF,301.47,2025-09-06,13,Saturday,0.0,0.30147,0.0,0.30147
2025-09-06 14:00:00,712.76,0.0,0.0,ON,OFF,OFF,712.76,2025-09-06,14,Saturday,0.71276,0.0,0.0,0.71276
2025-09-06 15:00:00,754.54,0.0,0.0,ON,OFF,OFF,754.54,2025-09-06,15,Saturday,0.75454,0.0,0.0,0.75454
2025-09-06 16:00:00,633.32,329.79,0.0,ON,ON,OFF,963.1100000000001,2025-09-06,16,Saturday,0.6333200000000001,0.32979,0.0,0.9631100000000001
2025-09-06 17:00:00,580.93,0.0,0.0,ON,OFF,OFF,580.93,2025-09-06,17,Saturday,0.58093,0.0,0.0,0.58093
2025-09-06 18:00:00,0.0,0.0,0.0,OFF,OFF,OFF,0.0,2025-09-06,18,Saturday,0.0,0.0,0.0,0.0
2025-09-06 19:00:00,750.91,314.25,0.0,ON,ON,OFF,1065.1599999999999,2025-09-06,19,Saturday,0.75091,0.31425,0.0,1.0651599999999999
2025-09-06 20:00:00,0.0,325.16,0.0,OFF,ON,OFF,325.16,2025-09-06,20,Saturday,0.0,0.32516,0.0,0.32516
2025-09-06 21:00:00,0.0,351.19,0.0,OFF,ON,OFF,351.19,2025-09-06,21,Saturday,0.0,0.35119,0.0,0.35119
2025-09-06 22:00:00,651.92,0.0,0.0,ON,OFF,OFF,651.92,2025-09-06,22,Saturday,0.6519199999999999,0.0,0.0,0.6519199999999999
2025-09-06 23:00:00,0.0,352.52,405.66,OFF,ON,ON,758.1800000000001,2025-09-06,23,Saturday,0.0,0.35252,0.40566,0.7581800000000001
2025-09-07 00:00:00,0.0,0.0,0.0,OFF,OFF,OFF,0.0,2025-09-07,0,Sunday,0.0,0.0,0.0,0.0
2025-09-07 01:00:00,0.0,0.0,0.0,OFF,OFF,OFF,0.0,2025-09-07,1,Sunday,0.0,0.0,0.0,0.0
2025-09-07 02:00:00,702.4,0.0,0.0,ON,OFF,OFF,702.4,2025-09-07,2,Sunday,0.7024,0.0,0.0,0.7024
2025-09-07 03:00:00,0.0,0.0,0.0,OFF,OFF,OFF,0.0,2025-09-07,3,Sunday,0.0,0.0,0.0,0.0
2025-09-07 04:00:00,0.0,302.59,0.0,OFF,ON,OFF,302.59,2025-09-07,4,Sunday,0.0,0.30258999999999997,0.0,0.30258999999999997
2025-09-07 05:00:00,0.0,0.0,0.0,OFF,OFF,OFF,0.0,2025-09-07,5,Sunday,0.0,0.0,0.0,0.0
2025-09-07 06:00:00,0.0,324.49,0.0,OFF,ON,OFF,324.49,2025-09-07,6,Sunday,0.0,0.32449,0.0,0.32449
2025-09-07 07:00:00,0.0,0.0,0.0,OFF,OFF,OFF,0.0,2025-09-07,7,Sunday,0.0,0.0,0.0,0.0
2025-09-07 08:00:00,598.13,0.0,0.0,ON,OFF,OFF,598.13,2025-09-07,8,Sunday,0.59813,0.0,0.0,0.59813
2025-09-07 09:00:00,596.66,310.72,0.0,ON,ON,OFF,907.38,2025-09-07,9,Sunday,0.59666,0.31072000000000005,0.0,0.90738
2025-09-07 10:00:00,663.77,0.0,0.0,ON,OFF,OFF,663.77,2025-09-07,10,Sunday,0.66377,0.0,0.0,0.66377
2025-09-07 11:00:00,605.03,308.28,0.0,ON,ON,OFF,913.31,2025-09-07,11,Sunday,0.60503,0.30828,0.0,0.91331
2025-09-07 12:00:00,752.65,332.92,0.0,ON,ON,OFF,1085.57,2025-09-07,12,Sunday,0.7526499999999999,0.33292,0.0,1.08557
2025-09-07 13:00:00,657.1,353.95,0.0,ON,ON,OFF,1011.05,2025-09-07,13,Sunday,0.6571,0.35395,0.0,1.01105
2025-09-07 14:00:00,596.51,299.84,0.0,ON,ON,OFF,896.3499999999999,2025-09-07,14,Sunday,0.59651,0.29984,0.0,0.8963499999999999
2025-09-07 15:00:00,0.0,322.86,0.0,OFF,ON,OFF,322.86,2025-09-07,15,Sunday,0.0,0.32286000000000004,0.0,0.32286000000000004
2025-09-07 16:00:00,589.56,0.0,0.0,ON,OFF,OFF,589.56,2025-09-07,16,Sunday,0.58956,0.0,0.0,0.58956
2025-09-07 17:00:00,583.48,346.82,0.0,ON,ON,OFF,930.3,2025-09-07,17,Sunday,0.58348,0.34682,0.0,0.9302999999999999
2025-09-07 18:00:00,663.36,0.0,0.0,ON,OFF,OFF,663.36,2025-09-07,18,Sunday,0.6633600000000001,0.0,0.0,0.6633600000000001
2025-09-07 19:00:00,755.76,316.58,0.0,ON,ON,OFF,1072.34,2025-09-07,19,Sunday,0.75576,0.31658,0.0,1.0723399999999998
2025-09-07 20:00:00,747.38,310.15,0.0,ON,ON,OFF,1057.53,2025-09-07,20,Sunday,0.74738,0.31015,0.0,1.05753
2025-09-07 21:00:00,594.42,301.41,386.78,ON,ON,ON,1282.61,2025-09-07,21,Sunday,0.59442,0.30141,0.38677999999999996,1.2826099999999998
2025-09-07 22:00:00,605.82,343.03,0.0,ON,ON,OFF,948.85,2025-09-07,22,Sunday,0.60582,0.34302999999999995,0.0,0.94885
2025-09-07 23:00:00,0.0,357.33,0.0,OFF,ON,OFF,357.33,2025-09-07,23,Sunday,0.0,0.35733,0.0,0.35733
2025-09-08 00:00:00,0.0,0.0,0.0,OFF,OFF,OFF,0.0,2025-09-08,0,Monday,0.0,0.0,0.0,0.0
2025-09-08 01:00:00,0.0,339.13,0.0,OFF,ON,OFF,339.13,2025-09-08,1,Monday,0.0,0.33913,0.0,0.33913
2025-09-08 02:00:00,0.0,0.0,0.0,OFF,OFF,OFF,0.0,2025-09-08,2,Monday,0.0,0.0,0.0,0.0
2025-09-08 03:00:00,0.0,333.96,0.0,OFF,ON,OFF,333.96,2025-09-08,3,Monday,0.0,0.33396,0.0,0.33396
2025-09-08 04:00:00,0.0,342.56,0.0,OFF,ON,OFF,342.56,2025-09-08,4,Monday,0.0,0.34256,0.0,0.34256
2025-09-08 05:00:00,0.0,301.76,0.0,OFF,ON,OFF,301.76,2025-09-08,5,Monday,0.0,0.30176,0.0,0.30176
2025-09-08 06:00:00,609.56,302.48,0.0,ON,ON,OFF,912.04,2025-09-08,6,Monday,0.60956,0.30248,0.0,0.91204
2025-09-08 07:00:00,0.0,0.0,0.0,OFF,OFF,OFF,0.0,2025-09-08,7,Monday,0.0,0.0,0.0,0.0
2025-09-08 08:00:00,0.0,0.0,0.0,OFF,OFF,OFF,0.0,2025-09-08,8,Monday,0.0,0.0,0.0,0.0
2025-09-08 09:00:00,653.07,339.38,0.0,ON,ON,OFF,992.45,2025-09-08,9,Monday,0.65307,0.33938,0.0,0.99245
2025-09-08 10:00:00,0.0,338.28,0.0,OFF,ON,OFF,338.28,2025-09-08,10,Monday,0.0,0.33827999999999997,0.0,0.33827999999999997
2025-09-08 11:00:00,625.95,340.61,0.0,ON,ON,OFF,966.5600000000001,2025-09-08,11,Monday,0.62595,0.34061,0.0,0.9665600000000001
2025-09-08 12:00:00,0.0,315.45,0.0,OFF,ON,OFF,315.45,2025-09-08,12,Monday,0.0,0.31545,0.0,0.31545
2025-09-08 13:00:00,0.0,0.0,0.0,OFF,OFF,OFF,0.0,2025-09-08,13,Monday,0.0,0.0,0.0,0.0
2025-09-08 14:00:00,751.84,323.09,0.0,ON,ON,OFF,1074.93,2025-09-08,14,Monday,0.7518400000000001,0.32309,0.0,1.0749300000000002
2025-09-08 15:00:00,667.32,0.0,0.0,ON,OFF,OFF,667.32,2025-09-08,15,Monday,0.66732,0.0,0.0,0.66732
2025-09-08 16:00:00,709.59,337.66,0.0,ON,ON,OFF,1047.25,2025-09-08,16,Monday,0.70959,0.33766,0.0,1.04725
2025-09-08 17:00:00,0.0,357.58,0.0,OFF,ON,OFF,357.58,2025-09-08,17,Monday,0.0,0.35758,0.0,0.35758
2025-09-08 18:00:00,752.43,0.0,0.0,ON,OFF,OFF,752.43,2025-09-08,18,Monday,0.7524299999999999,0.0,0.0,0.7524299999999999
2025-09-08 19:00:00,0.0,332.75,0.0,OFF,ON,OFF,332.75,2025-09-08,19,Monday,0.0,0.33275,0.0,0.33275
2025-09-08 20:00:00,740.52,326.86,0.0,ON,ON,OFF,1067.38,2025-09-08,20,Monday,0.74052,0.32686000000000004,0.0,1.0673800000000002
2025-09-08 21:00:00,701.72,0.0,0.0,ON,OFF,OFF,701.72,2025-09-08,21,Monday,0.70172,0.0,0.0,0.70172
2025-09-08 22:00:00,753.83,312.52,0.0,ON,ON,OFF,1066.35,2025-09-08,22,Monday,0.75383,0.31251999999999996,0.0,1.06635
2025-09-08 23:00:00,0.0,329.94,0.0,OFF,ON,OFF,329.94,2025-09-08,23,Monday,0.0,0.32994,0.0,0.32994
2025-09-09 00:00:00,0.0,0.0,0.0,OFF,OFF,OFF,0.0,2025-09-09,0,Tuesday,0.0,0.0,0.0,0.0
2025-09-09 01:00:00,0.0,329.91,0.0,OFF,ON,OFF,329.91,2025-09-09,1,Tuesday,0.0,0.32991000000000004,0.0,0.32991000000000004
2025-09-09 02:00:00,0.0,335.13,0.0,OFF,ON,OFF,335.13,2025-09-09,2,Tuesday,0.0,0.33513,0.0,0.33513
2025-09-09 03:00:00,0.0,331.94,0.0,OFF,ON,OFF,331.94,2025-09-09,3,Tuesday,0.0,0.33194,0.0,0.33194
2025-09-09 04:00:00,0.0,326.46,0.0,OFF,ON,OFF,326.46,2025-09-09,4,Tuesday,0.0,0.32646,0.0,0.32646
2025-09-09 05:00:00,0.0,334.13,0.0,OFF,ON,OFF,334.13,2025-09-09,5,Tuesday,0.0,0.33413,0.0,0.33413
2025-09-09 06:00:00,707.27,0.0,460.83,ON,OFF,ON,1168.1,2025-09-09,6,Tuesday,0.70727,0.0,0.46082999999999996,1.1681
2025-09-09 07:00:00,0.0,0.0,0.0,OFF,OFF,OFF,0.0,2025-09-09,7,Tuesday,0.0,0.0,0.0,0.0
2025-09-09 08:00:00,0.0,0.0,0.0,OFF,OFF,OFF,0.0,2025-09-09,8,Tuesday,0.0,0.0,0.0,0.0
2025-09-09 09:00:00,731.98,0.0,0.0,ON,OFF,OFF,731.98,2025-09-09,9,Tuesday,0.73198,0.0,0.0,0.73198
2025-09-09 10:00:00,0.0,326.56,0.0,OFF,ON,OFF,326.56,2025-09-09,10,Tuesday,0.0,0.32656,0.0,0.32656
2025-09-09 11:00:00,590.58,327.39,0.0,ON,ON,OFF,917.97,2025-09-09,11,Tuesday,0.59058,0.32738999999999996,0.0,0.9179700000000001
2025-09-09 12:00:00,0.0,339.27,0.0,OFF,ON,OFF,339.27,2025-09-09,12,Tuesday,0.0,0.33926999999999996,0.0,0.33926999999999996
2025-09-09 13:00:00,0.0,0.0,0.0,OFF,OFF,OFF,0.0,2025-09-09,13,Tuesday,0.0,0.0,0.0,0.0
2025-09-09 14:00:00,710.18,353.93,0.0,ON,ON,OFF,1064.11,2025-09-09,14,Tuesday,0.7101799999999999,0.35393,0.0,1.06411
2025-09-09 15:00:00,742.11,362.17,0.0,ON,ON,OFF,1104.28,2025-09-09,15,Tuesday,0.74211,0.36217,0.0,1.10428
2025-09-09 16:00:00,685.34,353.95,0.0,ON,ON,OFF,1039.29,2025-09-09,16,Tuesday,0.6853400000000001,0.35395,0.0,1.03929
2025-09-09 17:00:00,569.16,0.0,0.0,ON,OFF,OFF,569.16,2025-09-09,17,Tuesday,0.56916,0.0,0.0,0.56916
2025-09-09 18:00:00,0.0,306.05,0.0,OFF,ON,OFF,306.05,2025-09-09,18,Tuesday,0.0,0.30605,0.0,0.30605
2025-09-09 19:00:00,593.67,301.66,0.0,ON,ON,OFF,895.3299999999999,2025-09-09,19,Tuesday,0.5936699999999999,0.30166000000000004,0.0,0.89533
2025-09-09 20:00:00,0.0,356.6,0.0,OFF,ON,OFF,356.6,2025-09-09,20,Tuesday,0.0,0.35660000000000003,0.0,0.35660000000000003
2025-09-09 21:00:00,610.54,297.08,0.0,ON,ON,OFF,907.6199999999999,2025-09-09,21,Tuesday,0.61054,0.29708,0.0,0.9076199999999999
2025-09-09 22:00:00,0.0,0.0,0.0,OFF,OFF,OFF,0.0,2025-09-09,22,Tuesday,0.0,0.0,0.0,0.0
2025-09-09 23:00:00,0.0,335.17,0.0,OFF,ON,OFF,335.17,2025-09-09,23,Tuesday,0.0,0.33517,0.0,0.33517
2025-09-10 00:00:00,0.0,352.15,0.0,OFF,ON,OFF,352.15,2025-09-10,0,Wednesday,0.0,0.35214999999999996,0.0,0.35214999999999996
2025-09-10 01:00:00,0.0,312.09,0.0,OFF,ON,OFF,312.09,2025-09-10,1,Wednesday,0.0,0.31209,0.0,0.31209
2025-09-10 02:00:00,0.0,315.91,0.0,OFF,ON,OFF,315.91,2025-09-10,2,Wednesday,0.0,0.31591,0.0,0.31591
2025-09-10 03:00:00,0.0,0.0,0.0,OFF,OFF,OFF,0.0,2025-09-10,3,Wednesday,0.0,0.0,0.0,0.0
2025-09-10 04:00:00,0.0,0.0,0.0,OFF,OFF,OFF,0.0,2025-09-10,4,Wednesday,0.0,0.0,0.0,0.0
2025-09-10 05:00:00,738.79,0.0,0.0,ON,OFF,OFF,738.79,2025-09-10,5,Wednesday,0.73879,0.0,0.0,0.73879
2025-09-10 06:00:00,629.71,0.0,0.0,ON,OFF,OFF,629.71,2025-09-10,6,Wednesday,0.62971,0.0,0.0,0.62971
2025-09-10 07:00:00,0.0,0.0,0.0,OFF,OFF,OFF,0.0,2025-09-10,7,Wednesday,0.0,0.0,0.0,0.0
2025-09-10 08:00:00,0.0,0.0,0.0,OFF,OFF,OFF,0.0,2025-09-10,8,Wednesday,0.0,0.0,0.0,0.0
2025-09-10 09:00:00,0.0,0.0,0.0,OFF,OFF,OFF,0.0,2025-09-10,9,Wednesday,0.0,0.0,0.0,0.0
2025-09-10 10:00:00,704.83,302.4,0.0,ON,ON,OFF,1007.23,2025-09-10,10,Wednesday,0.7048300000000001,0.3024,0.0,1.00723
2025-09-10 11:00:00,586.19,0.0,0.0,ON,OFF,OFF,586.19,2025-09-10,11,Wednesday,0.5861900000000001,0.0,0.0,0.5861900000000001
2025-09-10 12:00:00,740.63,0.0,0.0,ON,OFF,OFF,740.63,2025-09-10,12,Wednesday,0.74063,0.0,0.0,0.74063
2025-09-10 13:00:00,0.0,328.2,0.0,OFF,ON,OFF,328.2,2025-09-10,13,Wednesday,0.0,0.3282,0.0,0.3282
2025-09-10 14:00:00,0.0,0.0,0.0,OFF,OFF,OFF,0.0,2025-09-10,14,Wednesday,0.0,0.0,0.0,0.0
2025-09-10 15:00:00,751.11,0.0,0.0,ON,OFF,OFF,751.11,2025-09-10,15,Wednesday,0.75111,0.0,0.0,0.75111
2025-09-10 16:00:00,0.0,0.0,0.0,OFF,OFF,OFF,0.0,2025-09-10,16,Wednesday,0.0,0.0,0.0,0.0
2025-09-10 17:00:00,0.0,0.0,0.0,OFF,OFF,OFF,0.0,2025-09-10,17,Wednesday,0.0,0.0,0.0,0.0
2025-09-10 18:00:00,0.0,326.42,0.0,OFF,ON,OFF,326.42,2025-09-10,18,Wednesday,0.0,0.32642000000000004,0.0,0.32642000000000004
2025-09-10 19:00:00,0.0,350.64,0.0,OFF,ON,OFF,350.64,2025-09-10,19,Wednesday,0.0,0.35064,0.0,0.35064
2025-09-10 20:00:00,0.0,298.11,0.0,OFF,ON,OFF,298.11,2025-09-10,20,Wednesday,0.0,0.29811,0.0,0.29811
2025-09-10 21:00:00,0.0,311.04,0.0,OFF,ON,OFF,311.04,2025-09-10,21,Wednesday,0.0,0.31104000000000004,0.0,0.31104000000000004
2025-09-10 22:00:00,619.8,0.0,0.0,ON,OFF,OFF,619.8,2025-09-10,22,Wednesday,0.6197999999999999,0.0,0.0,0.6197999999999999
2025-09-10 23:00:00,0.0,316.51,0.0,OFF,ON,OFF,316.51,2025-09-10,23,Wednesday,0.0,0.31651,0.0,0.31651
2025-09-11 00:00:00,0.0,305.4,0.0,OFF,ON,OFF,305.4,2025-09-11,0,Thursday,0.0,0.3054,0.0,0.3054
2025-09-11 01:00:00,0.0,0.0,0.0,OFF,OFF,OFF,0.0,2025-09-11,1,Thursday,0.0,0.0,0.0,0.0
2025-09-11 02:00:00,0.0,306.64,0.0,OFF,ON,OFF,306.64,2025-09-11,2,Thursday,0.0,0.30663999999999997,0.0,0.30663999999999997
2025-09-11 03:00:00,0.0,323.35,0.0,OFF,ON,OFF,323.35,2025-09-11,3,Thursday,0.0,0.32335,0.0,0.32335
2025-09-11 04:00:00,0.0,325.67,0.0,OFF,ON,OFF,325.67,2025-09-11,4,Thursday,0.0,0.32567,0.0,0.32567
2025-09-11 05:00:00,0.0,0.0,458.77,OFF,OFF,ON,458.77,2025-09-11,5,Thursday,0.0,0.0,0.45876999999999996,0.45876999999999996
2025-09-11 06:00:00,0.0,0.0,0.0,OFF,OFF,OFF,0.0,2025-09-11,6,Thursday,0.0,0.0,0.0,0.0
2025-09-11 07:00:00,0.0,352.33,434.43,OFF,ON,ON,786.76,2025-09-11,7,Thursday,0.0,0.35233,0.43443,0.78676
2025-09-11 08:00:00,0.0,0.0,0.0,OFF,OFF,OFF,0.0,2025-09-11,8,Thursday,0.0,0.0,0.0,0.0
2025-09-11 09:00:00,584.96,0.0,0.0,ON,OFF,OFF,584.96,2025-09-11,9,Thursday,0.58496,0.0,0.0,0.58496
2025-09-11 10:00:00,601.01,310.69,0.0,ON,ON,OFF,911.7,2025-09-11,10,Thursday,0.60101,0.31069,0.0,0.9117000000000001
2025-09-11 11:00:00,0.0,355.79,0.0,OFF,ON,OFF,355.79,2025-09-11,11,Thursday,0.0,0.35579,0.0,0.35579
2025-09-11 12:00:00,585.76,0.0,0.0,ON,OFF,OFF,585.76,2025-09-11,12,Thursday,0.58576,0.0,0.0,0.58576
2025-09-11 13:00:00,565.16,297.44,0.0,ON,ON,OFF,862.5999999999999,2025-09-11,13,Thursday,0.56516,0.29744,0.0,0.8625999999999999
2025-09-11 14:00:00,594.51,299.91,0.0,ON,ON,OFF,894.4200000000001,2025-09-11,14,Thursday,0.59451,0.29991,0.0,0.8944200000000001
2025-09-11 15:00:00,654.2,0.0,0.0,ON,OFF,OFF,654.2,2025-09-11,15,Thursday,0.6542,0.0,0.0,0.6542
2025-09-11 16:00:00,659.66,0.0,0.0,ON,OFF,OFF,659.66,2025-09-11,16,Thursday,0.6596599999999999,0.0,0.0,0.6596599999999999
2025-09-11 17:00:00,0.0,353.58,0.0,OFF,ON,OFF,353.58,2025-09-11,17,Thursday,0.0,0.35358,0.0,0.35358
2025-09-11 18:00:00,572.09,328.02,0.0,ON,ON,OFF,900.11,2025-09-11,18,Thursday,0.57209,0.32802,0.0,0.90011
2025-09-11 19:00:00,739.89,301.3,0.0,ON,ON,OFF,1041.19,2025-09-11,19,Thursday,0.7398899999999999,0.3013,0.0,1.04119
2025-09-11 20:00:00,614.43,338.17,0.0,ON,ON,OFF,952.5999999999999,2025-09-11,20,Thursday,0.6144299999999999,0.33817,0.0,0.9525999999999999
2025-09-11 21:00:00,664.94,326.35,0.0,ON,ON,OFF,991.2900000000001,2025-09-11,21,Thursday,0.6649400000000001,0.32635000000000003,0.0,0.9912900000000001
2025-09-11 22:00:00,0.0,352.64,0.0,OFF,ON,OFF,352.64,2025-09-11,22,Thursday,0.0,0.35264,0.0,0.35264
2025-09-11 23:00:00,0.0,0.0,0.0,OFF,OFF,OFF,0.0,2025-09-11,23,Thursday,0.0,0.0,0.0,0.0
2025-09-12 00:00:00,0.0,318.79,0.0,OFF,ON,OFF,318.79,2025-09-12,0,Friday,0.0,0.31879,0.0,0.31879
2025-09-12 01:00:00,0.0,324.58,0.0,OFF,ON,OFF,324.58,2025-09-12,1,Friday,0.0,0.32458,0.0,0.32458
2025-09-12 02:00:00,0.0,357.27,0.0,OFF,ON,OFF,357.27,2025-09-12,2,Friday,0.0,0.35727,0.0,0.35727
2025-09-12 03:00:00,579.15,0.0,0.0,ON,OFF,OFF,579.15,2025-09-12,3,Friday,0.5791499999999999,0.0,0.0,0.5791499999999999
2025-09-12 04:00:00,0.0,0.0,0.0,OFF,OFF,OFF,0.0,2025-09-12,4,Friday,0.0,0.0,0.0,0.0
2025-09-12 05:00:00,0.0,304.51,0.0,OFF,ON,OFF,304.51,2025-09-12,5,Friday,0.0,0.30451,0.0,0.30451
2025-09-12 06:00:00,0.0,0.0,0.0,OFF,OFF,OFF,0.0,2025-09-12,6,Friday,0.0,0.0,0.0,0.0
2025-09-12 07:00:00,0.0,0.0,0.0,OFF,OFF,OFF,0.0,2025-09-12,7,Friday,0.0,0.0,0.0,0.0
2025-09-12 08:00:00,0.0,0.0,0.0,OFF,OFF,OFF,0.0,2025-09-12,8,Friday,0.0,0.0,0.0,0.0
2025-09-12 09:00:00,581.46,0.0,0.0,ON,OFF,OFF,581.46,2025-09-12,9,Friday,0.5814600000000001,0.0,0.0,0.5814600000000001
2025-09-12 10:00:00,0.0,334.28,0.0,OFF,ON,OFF,334.28,2025-09-12,10,Friday,0.0,0.33427999999999997,0.0,0.33427999999999997
2025-09-12 11:00:00,0.0,0.0,0.0,OFF,OFF,OFF,0.0,2025-09-12,11,Friday,0.0,0.0,0.0,0.0
2025-09-12 12:00:00,0.0,0.0,0.0,OFF,OFF,OFF,0.0,2025-09-12,12,Friday,0.0,0.0,0.0,0.0
2025-09-12 13:00:00,612.93,0.0,0.0,ON,OFF,OFF,612.93,2025-09-12,13,Friday,0.61293,0.0,0.0,0.61293
2025-09-12 14:00:00,627.24,0.0,0.0,ON,OFF,OFF,627.24,2025-09-12,14,Friday,0.62724,0.0,0.0,0.62724
2025-09-12 15:00:00,639.29,0.0,0.0,ON,OFF,OFF,639.29,2025-09-12,15,Friday,0.6392899999999999,0.0,0.0,0.6392899999999999
2025-09-12 16:00:00,707.55,0.0,409.17,ON,OFF,ON,1116.72,2025-09-12,16,Friday,0.7075499999999999,0.0,0.40917000000000003,1.11672
2025-09-12 17:00:00,702.7,347.64,0.0,ON,ON,OFF,1050.3400000000001,2025-09-12,17,Friday,0.7027,0.34764,0.0,1.05034
2025-09-12 18:00:00,591.18,337.16,0.0,ON,ON,OFF,928.3399999999999,2025-09-12,18,Friday,0.5911799999999999,0.33716,0.0,0.9283399999999999
2025-09-12 19:00:00,0.0,328.46,0.0,OFF,ON,OFF,328.46,2025-09-12,19,Friday,0.0,0.32846,0.0,0.32846
2025-09-12 20:00:00,582.56,324.78,0.0,ON,ON,OFF,907.3399999999999,2025-09-12,20,Friday,0.58256,0.32477999999999996,0.0,0.9073399999999999
2025-09-12 21:00:00,691.94,299.45,0.0,ON,ON,OFF,991.3900000000001,2025-09-12,21,Friday,0.69194,0.29945,0.0,0.9913900000000001
2025-09-12 22:00:00,619.65,310.38,400.96,ON,ON,ON,1330.99,2025-09-12,22,Friday,0.6196499999999999,0.31038,0.40096,1.3309900000000001
2025-09-12 23:00:00,0.0,345.67,405.02,OFF,ON,ON,750.69,2025-09-12,23,Friday,0.0,0.34567000000000003,0.40502,0.7506900000000001
2025-09-13 00:00:00,0.0,0.0,0.0,OFF,OFF,OFF,0.0,2025-09-13,0,Saturday,0.0,0.0,0.0,0.0
2025-09-13 01:00:00,0.0,0.0,0.0,OFF,OFF,OFF,0.0,2025-09-13,1,Saturday,0.0,0.0,0.0,0.0
2025-09-13 02:00:00,0.0,357.15,477.37,OFF,ON,ON,834.52,2025-09-13,2,Saturday,0.0,0.35714999999999997,0.47737,0.8345199999999999
2025-09-13 03:00:00,0.0,323.98,0.0,OFF,ON,OFF,323.98,2025-09-13,3,Saturday,0.0,0.32398000000000005,0.0,0.32398000000000005
2025-09-13 04:00:00,718.46,337.18,0.0,ON,ON,OFF,1055.64,2025-09-13,4,Saturday,0.71846,0.33718,0.0,1.0556400000000001
2025-09-13 05:00:00,0.0,0.0,475.51,OFF,OFF,ON,475.51,2025-09-13,5,Saturday,0.0,0.0,0.47551,0.47551
2025-09-13 06:00:00,638.3,316.9,0.0,ON,ON,OFF,955.1999999999999,2025-09-13,6,Saturday,0.6383,0.31689999999999996,0.0,0.9551999999999999
2025-09-13 07:00:00,660.97,0.0,398.52,ON,OFF,ON,1059.49,2025-09-13,7,Saturday,0.6609700000000001,0.0,0.39852,1.05949
2025-09-13 08:00:00,0.0,0.0,0.0,OFF,OFF,OFF,0.0,2025-09-13,8,Saturday,0.0,0.0,0.0,0.0
2025-09-13 09:00:00,0.0,0.0,0.0,OFF,OFF,OFF,0.0,2025-09-13,9,Saturday,0.0,0.0,0.0,0.0
2025-09-13 10:00:00,679.14,346.54,0.0,ON,ON,OFF,1025.68,2025-09-13,10,Saturday,0.67914,0.34654,0.0,1.0256800000000001
2025-09-13 11:00:00,657.74,346.16,0.0,ON,ON,OFF,1003.9000000000001,2025-09-13,11,Saturday,0.65774,0.34616,0.0,1.0039
2025-09-13 12:00:00,671.65,338.31,0.0,ON,ON,OFF,1009.96,2025-09-13,12,Saturday,0.67165,0.33831,0.0,1.00996
2025-09-13 13:00:00,589.9,0.0,0.0,ON,OFF,OFF,589.9,2025-09-13,13,Saturday,0.5899,0.0,0.0,0.5899
2025-09-13 14:00:00,614.36,300.16,0.0,ON,ON,OFF,914.52,2025-09-13,14,Saturday,0.61436,0.30016000000000004,0.0,0.91452
2025-09-13 15:00:00,571.31,351.25,0.0,ON,ON,OFF,922.56,2025-09-13,15,Saturday,0.57131,0.35125,0.0,0.9225599999999999
2025-09-13 16:00:00,681.63,0.0,0.0,ON,OFF,OFF,681.63,2025-09-13,16,Saturday,0.68163,0.0,0.0,0.68163
2025-09-13 17:00:00,716.58,355.48,0.0,ON,ON,OFF,1072.06,2025-09-13,17,Saturday,0.71658,0.35548,0.0,1.07206
2025-09-13 18:00:00,623.62,0.0,0.0,ON,OFF,OFF,623.62,2025-09-13,18,Saturday,0.62362,0.0,0.0,0.62362
2025-09-13 19:00:00,580.52,355.69,0.0,ON,ON,OFF,936.21,2025-09-13,19,Saturday,0.58052,0.35569,0.0,0.93621
2025-09-13 20:00:00,594.17,312.78,0.0,ON,ON,OFF,906.9499999999999,2025-09-13,20,Saturday,0.59417,0.31277999999999995,0.0,0.9069499999999999
2025-09-13 21:00:00,591.44,321.02,0.0,ON,ON,OFF,912.46,2025-09-13,21,Saturday,0.5914400000000001,0.32101999999999997,0.0,0.91246
2025-09-13 22:00:00,678.25,348.45,0.0,ON,ON,OFF,1026.7,2025-09-13,22,Saturday,0.67825,0.34845,0.0,1.0267
2025-09-13 23:00:00,0.0,341.15,416.45,OFF,ON,ON,757.5999999999999,2025-09-13,23,Saturday,0.0,0.34114999999999995,0.41645,0.7575999999999999
2025-09-14 00:00:00,0.0,353.99,0.0,OFF,ON,OFF,353.99,2025-09-14,0,Sunday,0.0,0.35399,0.0,0.35399
2025-09-14 01:00:00,0.0,319.51,0.0,OFF,ON,OFF,319.51,2025-09-14,1,Sunday,0.0,0.31951,0.0,0.31951
2025-09-14 02:00:00,0.0,0.0,0.0,OFF,OFF,OFF,0.0,2025-09-14,2,Sunday,0.0,0.0,0.0,0.0
2025-09-14 03:00:00,0.0,0.0,0.0,OFF,OFF,OFF,0.0,2025-09-14,3,Sunday,0.0,0.0,0.0,0.0
2025-09-14 04:00:00,0.0,0.0,0.0,OFF,OFF,OFF,0.0,2025-09-14,4,Sunday,0.0,0.0,0.0,0.0
2025-09-14 05:00:00,0.0,0.0,0.0,OFF,OFF,OFF,0.0,2025-09-14,5,Sunday,0.0,0.0,0.0,0.0
2025-09-14 06:00:00,0.0,324.35,0.0,OFF,ON,OFF,324.35,2025-09-14,6,Sunday,0.0,0.32435,0.0,0.32435
2025-09-14 07:00:00,0.0,0.0,409.07,OFF,OFF,ON,409.07,2025-09-14,7,Sunday,0.0,0.0,0.40907,0.40907
2025-09-14 08:00:00,0.0,0.0,0.0,OFF,OFF,OFF,0.0,2025-09-14,8,Sunday,0.0,0.0,0.0,0.0
2025-09-14 09:00:00,580.06,347.25,0.0,ON,ON,OFF,927.31,2025-09-14,9,Sunday,0.5800599999999999,0.34725,0.0,0.92731
2025-09-14 10:00:00,626.63,0.0,467.27,ON,OFF,ON,1093.9,2025-09-14,10,Sunday,0.62663,0.0,0.46726999999999996,1.0939
2025-09-14 11:00:00,724.4,347.26,0.0,ON,ON,OFF,1071.6599999999999,2025-09-14,11,Sunday,0.7243999999999999,0.34726,0.0,1.0716599999999998
2025-09-14 12:00:00,641.28,341.02,0.0,ON,ON,OFF,982.3,2025-09-14,12,Sunday,0.64128,0.34102,0.0,0.9823
2025-09-14 13:00:00,708.03,326.04,0.0,ON,ON,OFF,1034.07,2025-09-14,13,Sunday,0.7080299999999999,0.32604,0.0,1.03407
2025-09-14 14:00:00,652.78,351.48,0.0,ON,ON,OFF,1004.26,2025-09-14,14,Sunday,0.65278,0.35148,0.0,1.00426
2025-09-14 15:00:00,651.33,0.0,0.0,ON,OFF,OFF,651.33,2025-09-14,15,Sunday,0.6513300000000001,0.0,0.0,0.6513300000000001
2025-09-14 16:00:00,751.07,350.28,0.0,ON,ON,OFF,1101.35,2025-09-14,16,Sunday,0.75107,0.35028,0.0,1.1013499999999998
2025-09-14 17:00:00,0.0,338.7,0.0,OFF,ON,OFF,338.7,2025-09-14,17,Sunday,0.0,0.3387,0.0,0.3387
2025-09-14 18:00:00,0.0,0.0,0.0,OFF,OFF,OFF,0.0,2025-09-14,18,Sunday,0.0,0.0,0.0,0.0
2025-09-14 19:00:00,0.0,0.0,0.0,OFF,OFF,OFF,0.0,2025-09-14,19,Sunday,0.0,0.0,0.0,0.0
2025-09-14 20:00:00,0.0,306.17,0.0,OFF,ON,OFF,306.17,2025-09-14,20,Sunday,0.0,0.30617,0.0,0.30617
2025-09-14 21:00:00,649.24,0.0,0.0,ON,OFF,OFF,649.24,2025-09-14,21,Sunday,0.64924,0.0,0.0,0.64924
2025-09-14 22:00:00,659.3,311.99,491.33,ON,ON,ON,1462.62,2025-09-14,22,Sunday,0.6593,0.31199,0.49133,1.4626199999999998
2025-09-14 23:00:00,0.0,351.74,0.0,OFF,ON,OFF,351.74,2025-09-14,23,Sunday,0.0,0.35174,0.0,0.35174
2025-09-15 00:00:00,0.0,0.0,0.0,OFF,OFF,OFF,0.0,2025-09-15,0,Monday,0.0,0.0,0.0,0.0
2025-09-15 01:00:00,0.0,0.0,0.0,OFF,OFF,OFF,0.0,2025-09-15,1,Monday,0.0,0.0,0.0,0.0
2025-09-15 02:00:00,0.0,0.0,0.0,OFF,OFF,OFF,0.0,2025-09-15,2,Monday,0.0,0.0,0.0,0.0
2025-09-15 03:00:00,725.11,332.62,0.0,ON,ON,OFF,1057.73,2025-09-15,3,Monday,0.72511,0.33262,0.0,1.05773
2025-09-15 04:00:00,0.0,315.44,0.0,OFF,ON,OFF,315.44,2025-09-15,4,Monday,0.0,0.31544,0.0,0.31544
2025-09-15 05:00:00,0.0,348.76,0.0,OFF,ON,OFF,348.76,2025-09-15,5,Monday,0.0,0.34876,0.0,0.34876
2025-09-15 06:00:00,0.0,335.77,0.0,OFF,ON,OFF,335.77,2025-09-15,6,Monday,0.0,0.33576999999999996,0.0,0.33576999999999996
2025-09-15 07:00:00,588.45,0.0,431.74,ON,OFF,ON,1020.19,2025-09-15,7,Monday,0.58845,0.0,0.43174,1.0201900000000002
2025-09-15 08:00:00,0.0,0.0,0.0,OFF,OFF,OFF,0.0,2025-09-15,8,Monday,0.0,0.0,0.0,0.0
2025-09-15 09:00:00,0.0,300.92,0.0,OFF,ON,OFF,300.92,2025-09-15,9,Monday,0.0,0.30092,0.0,0.30092
2025-09-15 10:00:00,669.6,0.0,0.0,ON,OFF,OFF,669.6,2025-09-15,10,Monday,0.6696,0.0,0.0,0.6696
2025-09-15 11:00:00,753.99,313.17,0.0,ON,ON,OFF,1067.16,2025-09-15,11,Monday,0.75399,0.31317,0.0,1.06716
2025-09-15 12:00:00,704.95,0.0,0.0,ON,OFF,OFF,704.95,2025-09-15,12,Monday,0.7049500000000001,0.0,0.0,0.7049500000000001
2025-09-15 13:00:00,625.79,0.0,0.0,ON,OFF,OFF,625.79,2025-09-15,13,Monday,0.62579,0.0,0.0,0.62579
2025-09-15 14:00:00,594.67,0.0,0.0,ON,OFF,OFF,594.67,2025-09-15,14,Monday,0.5946699999999999,0.0,0.0,0.5946699999999999
2025-09-15 15:00:00,684.94,349.92,0.0,ON,ON,OFF,1034.8600000000001,2025-09-15,15,Monday,0.6849400000000001,0.34992,0.0,1.0348600000000001
2025-09-15 16:00:00,618.07,0.0,0.0,ON,OFF,OFF,618.07,2025-09-15,16,Monday,0.61807,0.0,0.0,0.61807
2025-09-15 17:00:00,744.56,330.41,490.76,ON,ON,ON,1565.73,2025-09-15,17,Monday,0.74456,0.33041000000000004,0.49076,1.56573
2025-09-15 18:00:00,597.84,319.98,0.0,ON,ON,OFF,917.82,2025-09-15,18,Monday,0.59784,0.31998000000000004,0.0,0.9178200000000001
2025-09-15 19:00:00,0.0,0.0,0.0,OFF,OFF,OFF,0.0,2025-09-15,19,Monday,0.0,0.0,0.0,0.0
2025-09-15 20:00:00,706.99,355.4,0.0,ON,ON,OFF,1062.3899999999999,2025-09-15,20,Monday,0.70699,0.3554,0.0,1.06239
2025-09-15 21:00:00,658.41,0.0,0.0,ON,OFF,OFF,658.41,2025-09-15,21,Monday,0.6584099999999999,0.0,0.0,0.6584099999999999
2025-09-15 22:00:00,0.0,344.36,0.0,OFF,ON,OFF,344.36,2025-09-15,22,Monday,0.0,0.34436,0.0,0.34436
2025-09-15 23:00:00,667.89,317.62,0.0,ON,ON,OFF,985.51,2025-09-15,23,Monday,0.66789,0.31762,0.0,0.98551
2025-09-16 00:00:00,679.19,0.0,0.0,ON,OFF,OFF,679.19,2025-09-16,0,Tuesday,0.6791900000000001,0.0,0.0,0.6791900000000001
2025-09-16 01:00:00,0.0,0.0,0.0,OFF,OFF,OFF,0.0,2025-09-16,1,Tuesday,0.0,0.0,0.0,0.0
2025-09-16 02:00:00,757.37,0.0,0.0,ON,OFF,OFF,757.37,2025-09-16,2,Tuesday,0.75737,0.0,0.0,0.75737
2025-09-16 03:00:00,0.0,0.0,0.0,OFF,OFF,OFF,0.0,2025-09-16,3,Tuesday,0.0,0.0,0.0,0.0
2025-09-16 04:00:00,718.42,0.0,0.0,ON,OFF,OFF,718.42,2025-09-16,4,Tuesday,0.71842,0.0,0.0,0.71842
2025-09-16 05:00:00,0.0,0.0,450.54,OFF,OFF,ON,450.54,2025-09-16,5,Tuesday,0.0,0.0,0.45054,0.45054
2025-09-16 06:00:00,0.0,347.75,425.11,OFF,ON,ON,772.86,2025-09-16,6,Tuesday,0.0,0.34775,0.42511,0.77286
2025-09-16 07:00:00,0.0,0.0,0.0,OFF,OFF,OFF,0.0,2025-09-16,7,Tuesday,0.0,0.0,0.0,0.0
2025-09-16 08:00:00,0.0,0.0,0.0,OFF,OFF,OFF,0.0,2025-09-16,8,Tuesday,0.0,0.0,0.0,0.0
2025-09-16 09:00:00,0.0,0.0,0.0,OFF,OFF,OFF,0.0,2025-09-16,9,Tuesday,0.0,0.0,0.0,0.0
2025-09-16 10:00:00,582.49,0.0,0.0,ON,OFF,OFF,582.49,2025-09-16,10,Tuesday,0.5824900000000001,0.0,0.0,0.5824900000000001
2025-09-16 11:00:00,671.09,313.71,0.0,ON,ON,OFF,984.8,2025-09-16,11,Tuesday,0.6710900000000001,0.31371,0.0,0.9848
2025-09-16 12:00:00,616.51,356.84,0.0,ON,ON,OFF,973.3499999999999,2025-09-16,12,Tuesday,0.61651,0.35684,0.0,0.9733499999999999
2025-09-16 13:00:00,649.42,355.66,0.0,ON,ON,OFF,1005.0799999999999,2025-09-16,13,Tuesday,0.64942,0.35566000000000003,0.0,1.00508
2025-09-16 14:00:00,727.2,317.51,0.0,ON,ON,OFF,1044.71,2025-09-16,14,Tuesday,0.7272000000000001,0.31751,0.0,1.04471
2025-09-16 15:00:00,736.25,352.55,0.0,ON,ON,OFF,1088.8,2025-09-16,15,Tuesday,0.73625,0.35255000000000003,0.0,1.0888
2025-09-16 16:00:00,716.95,0.0,0.0,ON,OFF,OFF,716.95,2025-09-16,16,Tuesday,0.7169500000000001,0.0,0.0,0.7169500000000001
2025-09-16 17:00:00,587.52,348.53,0.0,ON,ON,OFF,936.05,2025-09-16,17,Tuesday,0.5875199999999999,0.34852999999999995,0.0,0.9360499999999999
2025-09-16 18:00:00,718.92,0.0,0.0,ON,OFF,OFF,718.92,2025-09-16,18,Tuesday,0.71892,0.0,0.0,0.71892
2025-09-16 19:00:00,621.2,362.31,0.0,ON,ON,OFF,983.51,2025-09-16,19,Tuesday,0.6212000000000001,0.36231,0.0,0.98351
2025-09-16 20:00:00,0.0,350.7,0.0,OFF,ON,OFF,350.7,2025-09-16,20,Tuesday,0.0,0.3507,0.0,0.3507
2025-09-16 21:00:00,649.01,0.0,0.0,ON,OFF,OFF,649.01,2025-09-16,21,Tuesday,0.64901,0.0,0.0,0.64901
2025-09-16 22:00:00,0.0,347.86,0.0,OFF,ON,OFF,347.86,2025-09-16,22,Tuesday,0.0,0.34786,0.0,0.34786
2025-09-16 23:00:00,0.0,324.96,0.0,OFF,ON,OFF,324.96,2025-09-16,23,Tuesday,0.0,0.32495999999999997,0.0,0.32495999999999997
2025-09-17 00:00:00,0.0,306.54,0.0,OFF,ON,OFF,306.54,2025-09-17,0,Wednesday,0.0,0.30654000000000003,0.0,0.30654000000000003
2025-09-17 01:00:00,0.0,319.26,0.0,OFF,ON,OFF,319.26,2025-09-17,1,Wednesday,0.0,0.31926,0.0,0.31926
2025-09-17 02:00:00,0.0,0.0,0.0,OFF,OFF,OFF,0.0,2025-09-17,2,Wednesday,0.0,0.0,0.0,0.0
2025-09-17 03:00:00,0.0,0.0,0.0,OFF,OFF,OFF,0.0,2025-09-17,3,Wednesday,0.0,0.0,0.0,0.0
2025-09-17 04:00:00,0.0,329.57,0.0,OFF,ON,OFF,329.57,2025-09-17,4,Wednesday,0.0,0.32957,0.0,0.32957
2025-09-17 05:00:00,0.0,0.0,455.93,OFF,OFF,ON,455.93,2025-09-17,5,Wednesday,0.0,0.0,0.45593,0.45593
2025-09-17 06:00:00,0.0,0.0,0.0,OFF,OFF,OFF,0.0,2025-09-17,6,Wednesday,0.0,0.0,0.0,0.0
2025-09-17 07:00:00,0.0,0.0,391.29,OFF,OFF,ON,391.29,2025-09-17,7,Wednesday,0.0,0.0,0.39129,0.39129
2025-09-17 08:00:00,0.0,0.0,0.0,OFF,OFF,OFF,0.0,2025-09-17,8,Wednesday,0.0,0.0,0.0,0.0
2025-09-17 09:00:00,0.0,329.27,0.0,OFF,ON,OFF,329.27,2025-09-17,9,Wednesday,0.0,0.32927,0.0,0.32927
2025-09-17 10:00:00,655.53,349.47,0.0,ON,ON,OFF,1005.0,2025-09-17,10,Wednesday,0.65553,0.34947,0.0,1.005
2025-09-17 11:00:00,571.91,325.42,0.0,ON,ON,OFF,897.3299999999999,2025-09-17,11,Wednesday,0.5719099999999999,0.32542000000000004,0.0,0.89733
2025-09-17 12:00:00,621.85,343.79,0.0,ON,ON,OFF,965.6400000000001,2025-09-17,12,Wednesday,0.62185,0.34379000000000004,0.0,0.96564
2025-09-17 13:00:00,585.91,0.0,0.0,ON,OFF,OFF,585.91,2025-09-17,13,Wednesday,0.5859099999999999,0.0,0.0,0.5859099999999999
2025-09-17 14:00:00,652.27,0.0,0.0,ON,OFF,OFF,652.27,2025-09-17,14,Wednesday,0.65227,0.0,0.0,0.65227
2025-09-17 15:00:00,617.43,321.77,0.0,ON,ON,OFF,939.1999999999999,2025-09-17,15,Wednesday,0.6174299999999999,0.32177,0.0,0.9391999999999999
2025-09-17 16:00:00,591.63,318.03,0.0,ON,ON,OFF,909.66,2025-09-17,16,Wednesday,0.59163,0.31803,0.0,0.9096599999999999
2025-09-17 17:00:00,658.56,330.37,0.0,ON,ON,OFF,988.93,2025-09-17,17,Wednesday,0.6585599999999999,0.33037,0.0,0.98893
2025-09-17 18:00:00,746.91,329.76,488.39,ON,ON,ON,1565.06,2025-09-17,18,Wednesday,0.74691,0.32976,0.48839,1.56506
2025-09-17 19:00:00,657.89,354.59,0.0,ON,ON,OFF,1012.48,2025-09-17,19,Wednesday,0.65789,0.35458999999999996,0.0,1.01248
2025-09-17 20:00:00,0.0,352.27,0.0,OFF,ON,OFF,352.27,2025-09-17,20,Wednesday,0.0,0.35226999999999997,0.0,0.35226999999999997
2025-09-17 21:00:00,711.06,0.0,0.0,ON,OFF,OFF,711.06,2025-09-17,21,Wednesday,0.7110599999999999,0.0,0.0,0.7110599999999999
2025-09-17 22:00:00,598.54,332.91,0.0,ON,ON,OFF,931.45,2025-09-17,22,Wednesday,0.59854,0.33291000000000004,0.0,0.93145
2025-09-17 23:00:00,615.36,361.62,0.0,ON,ON,OFF,976.98,2025-09-17,23,Wednesday,0.61536,0.36162,0.0,0.9769800000000001
2025-09-18 00:00:00,0.0,322.41,0.0,OFF,ON,OFF,322.41,2025-09-18,0,Thursday,0.0,0.32241000000000003,0.0,0.32241000000000003
2025-09-18 01:00:00,0.0,346.2,0.0,OFF,ON,OFF,346.2,2025-09-18,1,Thursday,0.0,0.3462,0.0,0.3462
2025-09-18 02:00:00,0.0,299.44,0.0,OFF,ON,OFF,299.44,2025-09-18,2,Thursday,0.0,0.29944,0.0,0.29944
2025-09-18 03:00:00,0.0,326.57,0.0,OFF,ON,OFF,326.57,2025-09-18,3,Thursday,0.0,0.32656999999999997,0.0,0.32656999999999997
2025-09-18 04:00:00,0.0,336.85,0.0,OFF,ON,OFF,336.85,2025-09-18,4,Thursday,0.0,0.33685000000000004,0.0,0.33685000000000004
2025-09-18 05:00:00,0.0,0.0,0.0,OFF,OFF,OFF,0.0,2025-09-18,5,Thursday,0.0,0.0,0.0,0.0
2025-09-18 06:00:00,665.29,343.15,0.0,ON,ON,OFF,1008.4399999999999,2025-09-18,6,Thursday,0.6652899999999999,0.34314999999999996,0.0,1.00844
2025-09-18 07:00:00,693.26,0.0,0.0,ON,OFF,OFF,693.26,2025-09-18,7,Thursday,0.69326,0.0,0.0,0.69326
2025-09-18 08:00:00,0.0,0.0,0.0,OFF,OFF,OFF,0.0,2025-09-18,8,Thursday,0.0,0.0,0.0,0.0
2025-09-18 09:00:00,0.0,0.0,436.52,OFF,OFF,ON,436.52,2025-09-18,9,Thursday,0.0,0.0,0.43651999999999996,0.43651999999999996
2025-09-18 10:00:00,0.0,0.0,0.0,OFF,OFF,OFF,0.0,2025-09-18,10,Thursday,0.0,0.0,0.0,0.0
2025-09-18 11:00:00,593.77,0.0,0.0,ON,OFF,OFF,593.77,2025-09-18,11,Thursday,0.59377,0.0,0.0,0.59377
2025-09-18 12:00:00,589.28,0.0,0.0,ON,OFF,OFF,589.28,2025-09-18,12,Thursday,0.58928,0.0,0.0,0.58928
2025-09-18 13:00:00,581.79,297.71,0.0,ON,ON,OFF,879.5,2025-09-18,13,Thursday,0.5817899999999999,0.29771,0.0,0.8795
2025-09-18 14:00:00,641.18,347.52,0.0,ON,ON,OFF,988.6999999999999,2025-09-18,14,Thursday,0.64118,0.34752,0.0,0.9886999999999999
2025-09-18 15:00:00,0.0,0.0,0.0,OFF,OFF,OFF,0.0,2025-09-18,15,Thursday,0.0,0.0,0.0,0.0
2025-09-18 16:00:00,624.32,340.09,0.0,ON,ON,OFF,964.4100000000001,2025-09-18,16,Thursday,0.6243200000000001,0.34008999999999995,0.0,0.9644100000000001
2025-09-18 17:00:00,740.36,319.01,0.0,ON,ON,OFF,1059.37,2025-09-18,17,Thursday,0.74036,0.31901,0.0,1.05937
2025-09-18 18:00:00,687.23,0.0,0.0,ON,OFF,OFF,687.23,2025-09-18,18,Thursday,0.68723,0.0,0.0,0.68723
2025-09-18 19:00:00,0.0,312.7,0.0,OFF,ON,OFF,312.7,2025-09-18,19,Thursday,0.0,0.3127,0.0,0.3127
2025-09-18 20:00:00,618.89,315.5,0.0,ON,ON,OFF,934.39,2025-09-18,20,Thursday,0.6188899999999999,0.3155,0.0,0.9343899999999999
2025-09-18 21:00:00,629.01,0.0,0.0,ON,OFF,OFF,629.01,2025-09-18,21,Thursday,0.62901,0.0,0.0,0.62901
2025-09-18 22:00:00,0.0,0.0,0.0,OFF,OFF,OFF,0.0,2025-09-18,22,Thursday,0.0,0.0,0.0,0.0
2025-09-18 23:00:00,0.0,361.03,0.0,OFF,ON,OFF,361.03,2025-09-18,23,Thursday,0.0,0.36102999999999996,0.0,0.36102999999999996
2025-09-19 00:00:00,0.0,0.0,0.0,OFF,OFF,OFF,0.0,2025-09-19,0,Friday,0.0,0.0,0.0,0.0
2025-09-19 01:00:00,0.0,319.28,0.0,OFF,ON,OFF,319.28,2025-09-19,1,Friday,0.0,0.31927999999999995,0.0,0.31927999999999995
2025-09-19 02:00:00,0.0,309.77,0.0,OFF,ON,OFF,309.77,2025-09-19,2,Friday,0.0,0.30977,0.0,0.30977
2025-09-19 03:00:00,0.0,0.0,0.0,OFF,OFF,OFF,0.0,2025-09-19,3,Friday,0.0,0.0,0.0,0.0
2025-09-19 04:00:00,0.0,0.0,0.0,OFF,OFF,OFF,0.0,2025-09-19,4,Friday,0.0,0.0,0.0,0.0
2025-09-19 05:00:00,0.0,0.0,0.0,OFF,OFF,OFF,0.0,2025-09-19,5,Friday,0.0,0.0,0.0,0.0
2025-09-19 06:00:00,0.0,343.72,0.0,OFF,ON,OFF,343.72,2025-09-19,6,Friday,0.0,0.34372,0.0,0.34372
2025-09-19 07:00:00,668.85,0.0,484.43,ON,OFF,ON,1153.28,2025-09-19,7,Friday,0.6688500000000001,0.0,0.48443,1.15328
2025-09-19 08:00:00,0.0,0.0,0.0,OFF,OFF,OFF,0.0,2025-09-19,8,Friday,0.0,0.0,0.0,0.0
2025-09-19 09:00:00,0.0,317.62,0.0,OFF,ON,OFF,317.62,2025-09-19,9,Friday,0.0,0.31762,0.0,0.31762
2025-09-19 10:00:00,673.55,0.0,0.0,ON,OFF,OFF,673.55,2025-09-19,10,Friday,0.67355,0.0,0.0,0.67355
2025-09-19 11:00:00,740.58,0.0,0.0,ON,OFF,OFF,740.58,2025-09-19,11,Friday,0.74058,0.0,0.0,0.74058
2025-09-19 12:00:00,741.85,0.0,0.0,ON,OFF,OFF,741.85,2025-09-19,12,Friday,0.74185,0.0,0.0,0.74185
2025-09-19 13:00:00,0.0,358.16,0.0,OFF,ON,OFF,358.16,2025-09-19,13,Friday,0.0,0.35816000000000003,0.0,0.35816000000000003
2025-09-19 14:00:00,0.0,0.0,0.0,OFF,OFF,OFF,0.0,2025-09-19,14,Friday,0.0,0.0,0.0,0.0
2025-09-19 15:00:00,754.37,0.0,0.0,ON,OFF,OFF,754.37,2025-09-19,15,Friday,0.75437,0.0,0.0,0.75437
2025-09-19 16:00:00,657.7,0.0,0.0,ON,OFF,OFF,657.7,2025-09-19,16,Friday,0.6577000000000001,0.0,0.0,0.6577000000000001
2025-09-19 17:00:00,0.0,0.0,0.0,OFF,OFF,OFF,0.0,2025-09-19,17,Friday,0.0,0.0,0.0,0.0
2025-09-19 18:00:00,650.78,313.41,0.0,ON,ON,OFF,964.19,2025-09-19,18,Friday,0.65078,0.31341,0.0,0.9641900000000001
2025-09-19 19:00:00,672.3,0.0,0.0,ON,OFF,OFF,672.3,2025-09-19,19,Friday,0.6723,0.0,0.0,0.6723
2025-09-19 20:00:00,0.0,355.56,0.0,OFF,ON,OFF,355.56,2025-09-19,20,Friday,0.0,0.35556,0.0,0.35556
2025-09-19 21:00:00,0.0,340.55,405.97,OFF,ON,ON,746.52,2025-09-19,21,Friday,0.0,0.34055,0.40597000000000005,0.74652
2025-09-19 22:00:00,611.61,311.98,0.0,ON,ON,OFF,923.59,2025-09-19,22,Friday,0.61161,0.31198000000000004,0.0,0.92359
2025-09-19 23:00:00,0.0,0.0,0.0,OFF,OFF,OFF,0.0,2025-09-19,23,Friday,0.0,0.0,0.0,0.0
2025-09-20 00:00:00,0.0,342.1,0.0,OFF,ON,OFF,342.1,2025-09-20,0,Saturday,0.0,0.3421,0.0,0.3421
2025-09-20 01:00:00,640.2,329.57,0.0,ON,ON,OFF,969.77,2025-09-20,1,Saturday,0.6402,0.32957,0.0,0.96977
2025-09-20 02:00:00,0.0,0.0,0.0,OFF,OFF,OFF,0.0,2025-09-20,2,Saturday,0.0,0.0,0.0,0.0
2025-09-20 03:00:00,681.56,0.0,0.0,ON,OFF,OFF,681.56,2025-09-20,3,Saturday,0.6815599999999999,0.0,0.0,0.6815599999999999
2025-09-20 04:00:00,0.0,345.72,0.0,OFF,ON,OFF,345.72,2025-09-20,4,Saturday,0.0,0.34572,0.0,0.34572
2025-09-20 05:00:00,0.0,327.48,0.0,OFF,ON,OFF,327.48,2025-09-20,5,Saturday,0.0,0.32748,0.0,0.32748
2025-09-20 06:00:00,0.0,0.0,412.58,OFF,OFF,ON,412.58,2025-09-20,6,Saturday,0.0,0.0,0.41258,0.41258
2025-09-20 07:00:00,0.0,0.0,433.59,OFF,OFF,ON,433.59,2025-09-20,7,Saturday,0.0,0.0,0.43359,0.43359
2025-09-20 08:00:00,0.0,300.53,0.0,OFF,ON,OFF,300.53,2025-09-20,8,Saturday,0.0,0.30052999999999996,0.0,0.30052999999999996
2025-09-20 09:00:00,0.0,306.33,0.0,OFF,ON,OFF,306.33,2025-09-20,9,Saturday,0.0,0.30633,0.0,0.30633
2025-09-20 10:00:00,600.67,334.88,0.0,ON,ON,OFF,935.55,2025-09-20,10,Saturday,0.6006699999999999,0.33488,0.0,0.93555
2025-09-20 11:00:00,649.69,330.27,0.0,ON,ON,OFF,979.96,2025-09-20,11,Saturday,0.6496900000000001,0.33027,0.0,0.97996
2025-09-20 12:00:00,719.57,344.11,0.0,ON,ON,OFF,1063.68,2025-09-20,12,Saturday,0.71957,0.34411,0.0,1.06368
2025-09-20 13:00:00,674.38,0.0,0.0,ON,OFF,OFF,674.38,2025-09-20,13,Saturday,0.67438,0.0,0.0,0.67438
2025-09-20 14:00:00,756.57,358.03,0.0,ON,ON,OFF,1114.6,2025-09-20,14,Saturday,0.7565700000000001,0.35802999999999996,0.0,1.1145999999999998
2025-09-20 15:00:00,640.89,0.0,467.55,ON,OFF,ON,1108.44,2025-09-20,15,Saturday,0.64089,0.0,0.46755,1.10844
2025-09-20 16:00:00,643.16,0.0,0.0,ON,OFF,OFF,643.16,2025-09-20,16,Saturday,0.64316,0.0,0.0,0.64316
2025-09-20 17:00:00,0.0,356.2,0.0,OFF,ON,OFF,356.2,2025-09-20,17,Saturday,0.0,0.35619999999999996,0.0,0.35619999999999996
2025-09-20 18:00:00,666.67,0.0,0.0,ON,OFF,OFF,666.67,2025-09-20,18,Saturday,0.66667,0.0,0.0,0.66667
2025-09-20 19:00:00,666.26,331.3,0.0,ON,ON,OFF,997.56,2025-09-20,19,Saturday,0.66626,0.33130000000000004,0.0,0.9975599999999999
2025-09-20 20:00:00,0.0,297.96,417.95,OFF,ON,ON,715.91,2025-09-20,20,Saturday,0.0,0.29796,0.41795,0.7159099999999999
2025-09-20 21:00:00,722.82,312.77,0.0,ON,ON,OFF,1035.5900000000001,2025-09-20,21,Saturday,0.72282,0.31277,0.0,1.0355900000000002
2025-09-20 22:00:00,703.38,303.89,0.0,ON,ON,OFF,1007.27,2025-09-20,22,Saturday,0.70338,0.30389,0.0,1.0072699999999999
2025-09-20 23:00:00,0.0,354.68,0.0,OFF,ON,OFF,354.68,2025-09-20,23,Saturday,0.0,0.35468,0.0,0.35468
2025-09-21 00:00:00,566.7,335.84,0.0,ON,ON,OFF,902.54,2025-09-21,0,Sunday,0.5667000000000001,0.33583999999999997,0.0,0.90254
2025-09-21 01:00:00,0.0,322.96,0.0,OFF,ON,OFF,322.96,2025-09-21,1,Sunday,0.0,0.32295999999999997,0.0,0.32295999999999997
2025-09-21 02:00:00,0.0,300.18,0.0,OFF,ON,OFF,300.18,2025-09-21,2,Sunday,0.0,0.30018,0.0,0.30018
2025-09-21 03:00:00,0.0,344.65,0.0,OFF,ON,OFF,344.65,2025-09-21,3,Sunday,0.0,0.34464999999999996,0.0,0.34464999999999996
2025-09-21 04:00:00,0.0,317.59,0.0,OFF,ON,OFF,317.59,2025-09-21,4,Sunday,0.0,0.31759,0.0,0.31759
2025-09-21 05:00:00,0.0,311.02,0.0,OFF,ON,OFF,311.02,2025-09-21,5,Sunday,0.0,0.31101999999999996,0.0,0.31101999999999996
2025-09-21 06:00:00,733.96,356.51,0.0,ON,ON,OFF,1090.47,2025-09-21,6,Sunday,0.7339600000000001,0.35651,0.0,1.09047
2025-09-21 07:00:00,0.0,0.0,0.0,OFF,OFF,OFF,0.0,2025-09-21,7,Sunday,0.0,0.0,0.0,0.0
2025-09-21 08:00:00,0.0,0.0,0.0,OFF,OFF,OFF,0.0,2025-09-21,8,Sunday,0.0,0.0,0.0,0.0
2025-09-21 09:00:00,0.0,306.29,0.0,OFF,ON,OFF,306.29,2025-09-21,9,Sunday,0.0,0.30629,0.0,0.30629
2025-09-21 10:00:00,727.95,0.0,0.0,ON,OFF,OFF,727.95,2025-09-21,10,Sunday,0.7279500000000001,0.0,0.0,0.7279500000000001
2025-09-21 11:00:00,740.88,0.0,0.0,ON,OFF,OFF,740.88,2025-09-21,11,Sunday,0.74088,0.0,0.0,0.74088
2025-09-21 12:00:00,586.57,0.0,0.0,ON,OFF,OFF,586.57,2025-09-21,12,Sunday,0.58657,0.0,0.0,0.58657
2025-09-21 13:00:00,742.36,352.27,0.0,ON,ON,OFF,1094.63,2025-09-21,13,Sunday,0.74236,0.35226999999999997,0.0,1.0946300000000002
2025-09-21 14:00:00,613.13,0.0,0.0,ON,OFF,OFF,613.13,2025-09-21,14,Sunday,0.61313,0.0,0.0,0.61313
2025-09-21 15:00:00,597.26,0.0,0.0,ON,OFF,OFF,597.26,2025-09-21,15,Sunday,0.59726,0.0,0.0,0.59726
2025-09-21 16:00:00,654.83,0.0,0.0,ON,OFF,OFF,654.83,2025-09-21,16,Sunday,0.65483,0.0,0.0,0.65483
2025-09-21 17:00:00,0.0,297.47,0.0,OFF,ON,OFF,297.47,2025-09-21,17,Sunday,0.0,0.29747,0.0,0.29747
2025-09-21 18:00:00,0.0,0.0,0.0,OFF,OFF,OFF,0.0,2025-09-21,18,Sunday,0.0,0.0,0.0,0.0
2025-09-21 19:00:00,0.0,336.28,0.0,OFF,ON,OFF,336.28,2025-09-21,19,Sunday,0.0,0.33627999999999997,0.0,0.33627999999999997
2025-09-21 20:00:00,713.36,0.0,0.0,ON,OFF,OFF,713.36,2025-09-21,20,Sunday,0.71336,0.0,0.0,0.71336
2025-09-21 21:00:00,611.77,330.24,0.0,ON,ON,OFF,942.01,2025-09-21,21,Sunday,0.61177,0.33024000000000003,0.0,0.94201
2025-09-21 22:00:00,652.87,351.78,0.0,ON,ON,OFF,1004.65,2025-09-21,22,Sunday,0.65287,0.35178,0.0,1.00465
2025-09-21 23:00:00,0.0,333.52,0.0,OFF,ON,OFF,333.52,2025-09-21,23,Sunday,0.0,0.33352,0.0,0.33352
2025-09-22 00:00:00,0.0,358.04,0.0,OFF,ON,OFF,358.04,2025-09-22,0,Monday,0.0,0.35804,0.0,0.35804
2025-09-22 01:00:00,0.0,318.19,0.0,OFF,ON,OFF,318.19,2025-09-22,1,Monday,0.0,0.31819,0.0,0.31819
2025-09-22 02:00:00,0.0,0.0,0.0,OFF,OFF,OFF,0.0,2025-09-22,2,Monday,0.0,0.0,0.0,0.0
2025-09-22 03:00:00,0.0,0.0,0.0,OFF,OFF,OFF,0.0,2025-09-22,3,Monday,0.0,0.0,0.0,0.0
2025-09-22 04:00:00,0.0,0.0,0.0,OFF,OFF,OFF,0.0,2025-09-22,4,Monday,0.0,0.0,0.0,0.0
2025-09-22 05:00:00,0.0,307.61,0.0,OFF,ON,OFF,307.61,2025-09-22,5,Monday,0.0,0.30761,0.0,0.30761
2025-09-22 06:00:00,0.0,332.18,0.0,OFF,ON,OFF,332.18,2025-09-22,6,Monday,0.0,0.33218000000000003,0.0,0.33218000000000003
2025-09-22 07:00:00,0.0,352.24,486.13,OFF,ON,ON,838.37,2025-09-22,7,Monday,0.0,0.35224,0.48613,0.8383700000000001
2025-09-22 08:00:00,0.0,0.0,0.0,OFF,OFF,OFF,0.0,2025-09-22,8,Monday,0.0,0.0,0.0,0.0
2025-09-22 09:00:00,0.0,297.06,0.0,OFF,ON,OFF,297.06,2025-09-22,9,Monday,0.0,0.29706,0.0,0.29706
2025-09-22 10:00:00,691.86,337.08,0.0,ON,ON,OFF,1028.94,2025-09-22,10,Monday,0.69186,0.33708,0.0,1.02894
2025-09-22 11:00:00,669.11,297.24,442.3,ON,ON,ON,1408.65,2025-09-22,11,Monday,0.66911,0.29724,0.4423,1.4086500000000002
2025-09-22 12:00:00,720.8,0.0,457.54,ON,OFF,ON,1178.34,2025-09-22,12,Monday,0.7208,0.0,0.45754,1.17834
2025-09-22 13:00:00,0.0,0.0,0.0,OFF,OFF,OFF,0.0,2025-09-22,13,Monday,0.0,0.0,0.0,0.0
2025-09-22 14:00:00,664.13,350.17,0.0,ON,ON,OFF,1014.3,2025-09-22,14,Monday,0.66413,0.35017000000000004,0.0,1.0143
2025-09-22 15:00:00,640.32,333.68,0.0,ON,ON,OFF,974.0,2025-09-22,15,Monday,0.64032,0.33368000000000003,0.0,0.974
2025-09-22 16:00:00,0.0,352.32,0.0,OFF,ON,OFF,352.32,2025-09-22,16,Monday,0.0,0.35231999999999997,0.0,0.35231999999999997
2025-09-22 17:00:00,0.0,0.0,0.0,OFF,OFF,OFF,0.0,2025-09-22,17,Monday,0.0,0.0,0.0,0.0
2025-09-22 18:00:00,571.16,297.08,0.0,ON,ON,OFF,868.24,2025-09-22,18,Monday,0.57116,0.29708,0.0,0.86824
2025-09-22 19:00:00,715.11,333.74,0.0,ON,ON,OFF,1048.85,2025-09-22,19,Monday,0.71511,0.33374000000000004,0.0,1.0488499999999998
2025-09-22 20:00:00,0.0,299.26,0.0,OFF,ON,OFF,299.26,2025-09-22,20,Monday,0.0,0.29925999999999997,0.0,0.29925999999999997
2025-09-22 21:00:00,654.06,0.0,0.0,ON,OFF,OFF,654.06,2025-09-22,21,Monday,0.65406,0.0,0.0,0.65406
2025-09-22 22:00:00,737.83,333.58,0.0,ON,ON,OFF,1071.41,2025-09-22,22,Monday,0.73783,0.33358,0.0,1.07141
2025-09-22 23:00:00,750.12,0.0,0.0,ON,OFF,OFF,750.12,2025-09-22,23,Monday,0.75012,0.0,0.0,0.75012
2025-09-23 00:00:00,0.0,0.0,0.0,OFF,OFF,OFF,0.0,2025-09-23,0,Tuesday,0.0,0.0,0.0,0.0
2025-09-23 01:00:00,0.0,312.3,0.0,OFF,ON,OFF,312.3,2025-09-23,1,Tuesday,0.0,0.3123,0.0,0.3123
2025-09-23 02:00:00,0.0,318.31,0.0,OFF,ON,OFF,318.31,2025-09-23,2,Tuesday,0.0,0.31831,0.0,0.31831
2025-09-23 03:00:00,0.0,344.17,0.0,OFF,ON,OFF,344.17,2025-09-23,3,Tuesday,0.0,0.34417000000000003,0.0,0.34417000000000003
2025-09-23 04:00:00,0.0,0.0,0.0,OFF,OFF,OFF,0.0,2025-09-23,4,Tuesday,0.0,0.0,0.0,0.0
2025-09-23 05:00:00,0.0,0.0,0.0,OFF,OFF,OFF,0.0,2025-09-23,5,Tuesday,0.0,0.0,0.0,0.0
2025-09-23 06:00:00,0.0,0.0,0.0,OFF,OFF,OFF,0.0,2025-09-23,6,Tuesday,0.0,0.0,0.0,0.0
2025-09-23 07:00:00,0.0,361.85,438.21,OFF,ON,ON,800.06,2025-09-23,7,Tuesday,0.0,0.36185,0.43821,0.80006
2025-09-23 08:00:00,0.0,0.0,0.0,OFF,OFF,OFF,0.0,2025-09-23,8,Tuesday,0.0,0.0,0.0,0.0
2025-09-23 09:00:00,0.0,0.0,0.0,OFF,OFF,OFF,0.0,2025-09-23,9,Tuesday,0.0,0.0,0.0,0.0
2025-09-23 10:00:00,576.28,0.0,0.0,ON,OFF,OFF,576.28,2025-09-23,10,Tuesday,0.57628,0.0,0.0,0.57628
2025-09-23 11:00:00,706.27,0.0,0.0,ON,OFF,OFF,706.27,2025-09-23,11,Tuesday,0.70627,0.0,0.0,0.70627
2025-09-23 12:00:00,621.0,320.17,414.93,ON,ON,ON,1356.1000000000001,2025-09-23,12,Tuesday,0.621,0.32017,0.41493,1.3561
2025-09-23 13:00:00,669.72,323.34,0.0,ON,ON,OFF,993.06,2025-09-23,13,Tuesday,0.66972,0.32333999999999996,0.0,0.9930599999999999
2025-09-23 14:00:00,678.28,317.83,0.0,ON,ON,OFF,996.1099999999999,2025-09-23,14,Tuesday,0.67828,0.31783,0.0,0.9961099999999999
2025-09-23 15:00:00,576.81,355.83,0.0,ON,ON,OFF,932.6399999999999,2025-09-23,15,Tuesday,0.5768099999999999,0.35583,0.0,0.9326399999999999
2025-09-23 16:00:00,0.0,0.0,0.0,OFF,OFF,OFF,0.0,2025-09-23,16,Tuesday,0.0,0.0,0.0,0.0
2025-09-23 17:00:00,619.59,328.95,0.0,ON,ON,OFF,948.54,2025-09-23,17,Tuesday,0.6195900000000001,0.32894999999999996,0.0,0.9485399999999999
2025-09-23 18:00:00,655.78,301.53,0.0,ON,ON,OFF,957.31,2025-09-23,18,Tuesday,0.6557799999999999,0.30152999999999996,0.0,0.95731
2025-09-23 19:00:00,677.44,309.34,0.0,ON,ON,OFF,986.78,2025-09-23,19,Tuesday,0.67744,0.30933999999999995,0.0,0.98678
2025-09-23 20:00:00,625.73,337.32,0.0,ON,ON,OFF,963.05,2025-09-23,20,Tuesday,0.62573,0.33732,0.0,0.96305
2025-09-23 21:00:00,0.0,350.18,0.0,OFF,ON,OFF,350.18,2025-09-23,21,Tuesday,0.0,0.35018,0.0,0.35018
2025-09-23 22:00:00,0.0,0.0,420.3,OFF,OFF,ON,420.3,2025-09-23,22,Tuesday,0.0,0.0,0.4203,0.4203
2025-09-23 23:00:00,0.0,360.01,0.0,OFF,ON,OFF,360.01,2025-09-23,23,Tuesday,0.0,0.36001,0.0,0.36001
2025-09-24 00:00:00,0.0,328.81,0.0,OFF,ON,OFF,328.81,2025-09-24,0,Wednesday,0.0,0.32881,0.0,0.32881
2025-09-24 01:00:00,0.0,350.25,0.0,OFF,ON,OFF,350.25,2025-09-24,1,Wednesday,0.0,0.35025,0.0,0.35025
2025-09-24 02:00:00,0.0,335.48,0.0,OFF,ON,OFF,335.48,2025-09-24,2,Wednesday,0.0,0.33548,0.0,0.33548
2025-09-24 03:00:00,0.0,0.0,0.0,OFF,OFF,OFF,0.0,2025-09-24,3,Wednesday,0.0,0.0,0.0,0.0
2025-09-24 04:00:00,0.0,325.35,0.0,OFF,ON,OFF,325.35,2025-09-24,4,Wednesday,0.0,0.32535000000000003,0.0,0.32535000000000003
2025-09-24 05:00:00,0.0,0.0,0.0,OFF,OFF,OFF,0.0,2025-09-24,5,Wednesday,0.0,0.0,0.0,0.0
2025-09-24 06:00:00,0.0,338.18,0.0,OFF,ON,OFF,338.18,2025-09-24,6,Wednesday,0.0,0.33818,0.0,0.33818
2025-09-24 07:00:00,716.04,0.0,0.0,ON,OFF,OFF,716.04,2025-09-24,7,Wednesday,0.71604,0.0,0.0,0.71604
2025-09-24 08:00:00,639.29,0.0,0.0,ON,OFF,OFF,639.29,2025-09-24,8,Wednesday,0.6392899999999999,0.0,0.0,0.6392899999999999
2025-09-24 09:00:00,0.0,0.0,0.0,OFF,OFF,OFF,0.0,2025-09-24,9,Wednesday,0.0,0.0,0.0,0.0
2025-09-24 10:00:00,737.08,0.0,0.0,ON,OFF,OFF,737.08,2025-09-24,10,Wednesday,0.7370800000000001,0.0,0.0,0.7370800000000001
2025-09-24 11:00:00,712.06,0.0,0.0,ON,OFF,OFF,712.06,2025-09-24,11,Wednesday,0.7120599999999999,0.0,0.0,0.7120599999999999
2025-09-24 12:00:00,568.82,361.26,0.0,ON,ON,OFF,930.08,2025-09-24,12,Wednesday,0.5688200000000001,0.36125999999999997,0.0,0.93008
2025-09-24 13:00:00,750.96,324.82,0.0,ON,ON,OFF,1075.78,2025-09-24,13,Wednesday,0.7509600000000001,0.32482,0.0,1.07578
2025-09-24 14:00:00,662.62,334.7,0.0,ON,ON,OFF,997.3199999999999,2025-09-24,14,Wednesday,0.66262,0.3347,0.0,0.99732
2025-09-24 15:00:00,712.73,335.24,0.0,ON,ON,OFF,1047.97,2025-09-24,15,Wednesday,0.71273,0.33524,0.0,1.04797
2025-09-24 16:00:00,580.73,323.86,487.87,ON,ON,ON,1392.46,2025-09-24,16,Wednesday,0.58073,0.32386000000000004,0.48787,1.39246
2025-09-24 17:00:00,621.72,0.0,0.0,ON,OFF,OFF,621.72,2025-09-24,17,Wednesday,0.62172,0.0,0.0,0.62172
2025-09-24 18:00:00,654.19,325.33,0.0,ON,ON,OFF,979.52,2025-09-24,18,Wednesday,0.65419,0.32533,0.0,0.97952
2025-09-24 19:00:00,0.0,349.84,0.0,OFF,ON,OFF,349.84,2025-09-24,19,Wednesday,0.0,0.34984,0.0,0.34984
2025-09-24 20:00:00,693.92,0.0,0.0,ON,OFF,OFF,693.92,2025-09-24,20,Wednesday,0.69392,0.0,0.0,0.69392
2025-09-24 21:00:00,594.55,0.0,0.0,ON,OFF,OFF,594.55,2025-09-24,21,Wednesday,0.5945499999999999,0.0,0.0,0.5945499999999999
2025-09-24 22:00:00,605.9,323.14,0.0,ON,ON,OFF,929.04,2025-09-24,22,Wednesday,0.6059,0.32314,0.0,0.92904
2025-09-24 23:00:00,0.0,298.38,0.0,OFF,ON,OFF,298.38,2025-09-24,23,Wednesday,0.0,0.29838,0.0,0.29838
2025-09-25 00:00:00,0.0,322.08,0.0,OFF,ON,OFF,322.08,2025-09-25,0,Thursday,0.0,0.32208,0.0,0.32208
2025-09-25 01:00:00,0.0,349.74,0.0,OFF,ON,OFF,349.74,2025-09-25,1,Thursday,0.0,0.34974,0.0,0.34974
2025-09-25 02:00:00,597.02,317.94,0.0,ON,ON,OFF,914.96,2025-09-25,2,Thursday,0.59702,0.31794,0.0,0.91496
2025-09-25 03:00:00,0.0,331.23,0.0,OFF,ON,OFF,331.23,2025-09-25,3,Thursday,0.0,0.33123,0.0,0.33123
2025-09-25 04:00:00,0.0,335.13,0.0,OFF,ON,OFF,335.13,2025-09-25,4,Thursday,0.0,0.33513,0.0,0.33513
2025-09-25 05:00:00,0.0,0.0,0.0,OFF,OFF,OFF,0.0,2025-09-25,5,Thursday,0.0,0.0,0.0,0.0
2025-09-25 06:00:00,0.0,0.0,451.27,OFF,OFF,ON,451.27,2025-09-25,6,Thursday,0.0,0.0,0.45127,0.45127
2025-09-25 07:00:00,620.43,308.52,459.59,ON,ON,ON,1388.54,2025-09-25,7,Thursday,0.6204299999999999,0.30851999999999996,0.45959,1.3885399999999999
2025-09-25 08:00:00,0.0,0.0,0.0,OFF,OFF,OFF,0.0,2025-09-25,8,Thursday,0.0,0.0,0.0,0.0
2025-09-25 09:00:00,0.0,342.14,0.0,OFF,ON,OFF,342.14,2025-09-25,9,Thursday,0.0,0.34214,0.0,0.34214
2025-09-25 10:00:00,656.85,0.0,0.0,ON,OFF,OFF,656.85,2025-09-25,10,Thursday,0.65685,0.0,0.0,0.65685
2025-09-25 11:00:00,570.66,320.11,0.0,ON,ON,OFF,890.77,2025-09-25,11,Thursday,0.57066,0.32011,0.0,0.89077
2025-09-25 12:00:00,750.59,329.76,0.0,ON,ON,OFF,1080.35,2025-09-25,12,Thursday,0.75059,0.32976,0.0,1.08035
2025-09-25 13:00:00,726.09,0.0,0.0,ON,OFF,OFF,726.09,2025-09-25,13,Thursday,0.72609,0.0,0.0,0.72609
2025-09-25 14:00:00,710.5,315.7,415.47,ON,ON,ON,1441.67,2025-09-25,14,Thursday,0.7105,0.3157,0.41547,1.44167
2025-09-25 15:00:00,706.84,346.92,0.0,ON,ON,OFF,1053.76,2025-09-25,15,Thursday,0.70684,0.34692,0.0,1.05376
2025-09-25 16:00:00,713.28,350.7,0.0,ON,ON,OFF,1063.98,2025-09-25,16,Thursday,0.71328,0.3507,0.0,1.06398
2025-09-25 17:00:00,702.19,0.0,444.09,ON,OFF,ON,1146.28,2025-09-25,17,Thursday,0.7021900000000001,0.0,0.44409,1.14628
2025-09-25 18:00:00,0.0,345.96,0.0,OFF,ON,OFF,345.96,2025-09-25,18,Thursday,0.0,0.34596,0.0,0.34596
2025-09-25 19:00:00,628.97,0.0,0.0,ON,OFF,OFF,628.97,2025-09-25,19,Thursday,0.62897,0.0,0.0,0.62897
2025-09-25 20:00:00,0.0,347.56,0.0,OFF,ON,OFF,347.56,2025-09-25,20,Thursday,0.0,0.34756,0.0,0.34756
2025-09-25 21:00:00,629.37,0.0,0.0,ON,OFF,OFF,629.37,2025-09-25,21,Thursday,0.62937,0.0,0.0,0.62937
2025-09-25 22:00:00,0.0,305.63,408.28,OFF,ON,ON,713.91,2025-09-25,22,Thursday,0.0,0.30563,0.40828,0.7139099999999999
2025-09-25 23:00:00,0.0,314.98,0.0,OFF,ON,OFF,314.98,2025-09-25,23,Thursday,0.0,0.31498000000000004,0.0,0.31498000000000004
2025-09-26 00:00:00,0.0,315.52,0.0,OFF,ON,OFF,315.52,2025-09-26,0,Friday,0.0,0.31551999999999997,0.0,0.31551999999999997
2025-09-26 01:00:00,0.0,0.0,0.0,OFF,OFF,OFF,0.0,2025-09-26,1,Friday,0.0,0.0,0.0,0.0
2025-09-26 02:00:00,0.0,348.22,0.0,OFF,ON,OFF,348.22,2025-09-26,2,Friday,0.0,0.34822000000000003,0.0,0.34822000000000003
2025-09-26 03:00:00,0.0,0.0,0.0,OFF,OFF,OFF,0.0,2025-09-26,3,Friday,0.0,0.0,0.0,0.0
2025-09-26 04:00:00,0.0,0.0,0.0,OFF,OFF,OFF,0.0,2025-09-26,4,Friday,0.0,0.0,0.0,0.0
2025-09-26 05:00:00,0.0,0.0,0.0,OFF,OFF,OFF,0.0,2025-09-26,5,Friday,0.0,0.0,0.0,0.0
2025-09-26 06:00:00,0.0,314.16,0.0,OFF,ON,OFF,314.16,2025-09-26,6,Friday,0.0,0.31416000000000005,0.0,0.31416000000000005
2025-09-26 07:00:00,0.0,0.0,0.0,OFF,OFF,OFF,0.0,2025-09-26,7,Friday,0.0,0.0,0.0,0.0
2025-09-26 08:00:00,0.0,314.79,0.0,OFF,ON,OFF,314.79,2025-09-26,8,Friday,0.0,0.31479,0.0,0.31479
2025-09-26 09:00:00,0.0,318.02,0.0,OFF,ON,OFF,318.02,2025-09-26,9,Friday,0.0,0.31801999999999997,0.0,0.31801999999999997
2025-09-26 10:00:00,704.55,0.0,0.0,ON,OFF,OFF,704.55,2025-09-26,10,Friday,0.70455,0.0,0.0,0.70455
2025-09-26 11:00:00,572.58,0.0,0.0,ON,OFF,OFF,572.58,2025-09-26,11,Friday,0.5725800000000001,0.0,0.0,0.5725800000000001
2025-09-26 12:00:00,601.94,314.15,0.0,ON,ON,OFF,916.09,2025-09-26,12,Friday,0.60194,0.31415,0.0,0.9160900000000001
2025-09-26 13:00:00,0.0,333.76,0.0,OFF,ON,OFF,333.76,2025-09-26,13,Friday,0.0,0.33376,0.0,0.33376
2025-09-26 14:00:00,569.63,303.02,0.0,ON,ON,OFF,872.65,2025-09-26,14,Friday,0.56963,0.30301999999999996,0.0,0.8726499999999999
2025-09-26 15:00:00,729.6,325.53,0.0,ON,ON,OFF,1055.13,2025-09-26,15,Friday,0.7296,0.32553,0.0,1.0551300000000001
2025-09-26 16:00:00,696.18,0.0,0.0,ON,OFF,OFF,696.18,2025-09-26,16,Friday,0.6961799999999999,0.0,0.0,0.6961799999999999
2025-09-26 17:00:00,744.44,0.0,0.0,ON,OFF,OFF,744.44,2025-09-26,17,Friday,0.7444400000000001,0.0,0.0,0.7444400000000001
2025-09-26 18:00:00,633.57,0.0,0.0,ON,OFF,OFF,633.57,2025-09-26,18,Friday,0.6335700000000001,0.0,0.0,0.6335700000000001
2025-09-26 19:00:00,0.0,316.59,0.0,OFF,ON,OFF,316.59,2025-09-26,19,Friday,0.0,0.31659,0.0,0.31659
2025-09-26 20:00:00,0.0,342.82,0.0,OFF,ON,OFF,342.82,2025-09-26,20,Friday,0.0,0.34282,0.0,0.34282
2025-09-26 21:00:00,604.78,341.26,387.47,ON,ON,ON,1333.51,2025-09-26,21,Friday,0.60478,0.34126,0.38747000000000004,1.33351
2025-09-26 22:00:00,0.0,0.0,0.0,OFF,OFF,OFF,0.0,2025-09-26,22,Friday,0.0,0.0,0.0,0.0
2025-09-26 23:00:00,0.0,321.7,463.52,OFF,ON,ON,785.22,2025-09-26,23,Friday,0.0,0.3217,0.46352,0.78522
2025-09-27 00:00:00,587.17,347.42,0.0,ON,ON,OFF,934.5899999999999,2025-09-27,0,Saturday,0.58717,0.34742,0.0,0.9345899999999999
2025-09-27 01:00:00,0.0,305.87,0.0,OFF,ON,OFF,305.87,2025-09-27,1,Saturday,0.0,0.30587000000000003,0.0,0.30587000000000003
2025-09-27 02:00:00,0.0,325.45,0.0,OFF,ON,OFF,325.45,2025-09-27,2,Saturday,0.0,0.32544999999999996,0.0,0.32544999999999996
2025-09-27 03:00:00,0.0,323.58,0.0,OFF,ON,OFF,323.58,2025-09-27,3,Saturday,0.0,0.32358,0.0,0.32358
2025-09-27 04:00:00,0.0,0.0,0.0,OFF,OFF,OFF,0.0,2025-09-27,4,Saturday,0.0,0.0,0.0,0.0
2025-09-27 05:00:00,635.98,0.0,0.0,ON,OFF,OFF,635.98,2025-09-27,5,Saturday,0.63598,0.0,0.0,0.63598
2025-09-27 06:00:00,0.0,314.71,395.38,OFF,ON,ON,710.0899999999999,2025-09-27,6,Saturday,0.0,0.31471,0.39538,0.7100899999999999
2025-09-27 07:00:00,0.0,0.0,0.0,OFF,OFF,OFF,0.0,2025-09-27,7,Saturday,0.0,0.0,0.0,0.0
2025-09-27 08:00:00,0.0,0.0,0.0,OFF,OFF,OFF,0.0,2025-09-27,8,Saturday,0.0,0.0,0.0,0.0
2025-09-27 09:00:00,0.0,330.03,0.0,OFF,ON,OFF,330.03,2025-09-27,9,Saturday,0.0,0.33003,0.0,0.33003
2025-09-27 10:00:00,737.56,359.35,0.0,ON,ON,OFF,1096.9099999999999,2025-09-27,10,Saturday,0.73756,0.35935,0.0,1.0969099999999998
2025-09-27 11:00:00,677.47,331.26,0.0,ON,ON,OFF,1008.73,2025-09-27,11,Saturday,0.67747,0.33126,0.0,1.0087300000000001
2025-09-27 12:00:00,0.0,0.0,0.0,OFF,OFF,OFF,0.0,2025-09-27,12,Saturday,0.0,0.0,0.0,0.0
2025-09-27 13:00:00,632.3,0.0,0.0,ON,OFF,OFF,632.3,2025-09-27,13,Saturday,0.6323,0.0,0.0,0.6323
2025-09-27 14:00:00,712.34,0.0,0.0,ON,OFF,OFF,712.34,2025-09-27,14,Saturday,0.7123400000000001,0.0,0.0,0.7123400000000001
2025-09-27 15:00:00,567.94,300.44,0.0,ON,ON,OFF,868.3800000000001,2025-09-27,15,Saturday,0.56794,0.30044,0.0,0.8683800000000002
2025-09-27 16:00:00,659.11,323.83,0.0,ON,ON,OFF,982.94,2025-09-27,16,Saturday,0.65911,0.32383,0.0,0.98294
2025-09-27 17:00:00,681.84,314.74,0.0,ON,ON,OFF,996.58,2025-09-27,17,Saturday,0.68184,0.31474,0.0,0.99658
2025-09-27 18:00:00,719.79,331.8,0.0,ON,ON,OFF,1051.59,2025-09-27,18,Saturday,0.7197899999999999,0.3318,0.0,1.05159
2025-09-27 19:00:00,694.69,300.82,0.0,ON,ON,OFF,995.51,2025-09-27,19,Saturday,0.69469,0.30082,0.0,0.99551
2025-09-27 20:00:00,571.51,302.14,0.0,ON,ON,OFF,873.65,2025-09-27,20,Saturday,0.57151,0.30213999999999996,0.0,0.8736499999999999
2025-09-27 21:00:00,621.2,345.32,0.0,ON,ON,OFF,966.52,2025-09-27,21,Saturday,0.6212000000000001,0.34532,0.0,0.9665199999999999
2025-09-27 22:00:00,0.0,342.67,0.0,OFF,ON,OFF,342.67,2025-09-27,22,Saturday,0.0,0.34267000000000003,0.0,0.34267000000000003
2025-09-27 23:00:00,0.0,0.0,0.0,OFF,OFF,OFF,0.0,2025-09-27,23,Saturday,0.0,0.0,0.0,0.0
2025-09-28 00:00:00,0.0,0.0,0.0,OFF,OFF,OFF,0.0,2025-09-28,0,Sunday,0.0,0.0,0.0,0.0
2025-09-28 01:00:00,0.0,0.0,0.0,OFF,OFF,OFF,0.0,2025-09-28,1,Sunday,0.0,0.0,0.0,0.0
2025-09-28 02:00:00,0.0,0.0,471.57,OFF,OFF,ON,471.57,2025-09-28,2,Sunday,0.0,0.0,0.47157,0.47157
2025-09-28 03:00:00,0.0,334.45,0.0,OFF,ON,OFF,334.45,2025-09-28,3,Sunday,0.0,0.33444999999999997,0.0,0.33444999999999997
2025-09-28 04:00:00,658.82,333.81,0.0,ON,ON,OFF,992.6300000000001,2025-09-28,4,Sunday,0.6588200000000001,0.33381,0.0,0.9926300000000001
2025-09-28 05:00:00,0.0,334.27,462.68,OFF,ON,ON,796.95,2025-09-28,5,Sunday,0.0,0.33426999999999996,0.46268,0.79695
2025-09-28 06:00:00,730.64,312.57,436.22,ON,ON,ON,1479.43,2025-09-28,6,Sunday,0.73064,0.31257,0.43622000000000005,1.47943
2025-09-28 07:00:00,0.0,352.95,0.0,OFF,ON,OFF,352.95,2025-09-28,7,Sunday,0.0,0.35295,0.0,0.35295
2025-09-28 08:00:00,0.0,0.0,0.0,OFF,OFF,OFF,0.0,2025-09-28,8,Sunday,0.0,0.0,0.0,0.0
2025-09-28 09:00:00,0.0,343.91,0.0,OFF,ON,OFF,343.91,2025-09-28,9,Sunday,0.0,0.34391000000000005,0.0,0.34391000000000005
2025-09-28 10:00:00,659.3,355.88,0.0,ON,ON,OFF,1015.18,2025-09-28,10,Sunday,0.6593,0.35588,0.0,1.01518
2025-09-28 11:00:00,748.66,0.0,0.0,ON,OFF,OFF,748.66,2025-09-28,11,Sunday,0.74866,0.0,0.0,0.74866
2025-09-28 12:00:00,727.07,318.02,0.0,ON,ON,OFF,1045.0900000000001,2025-09-28,12,Sunday,0.7270700000000001,0.31801999999999997,0.0,1.04509
2025-09-28 13:00:00,671.51,316.48,0.0,ON,ON,OFF,987.99,2025-09-28,13,Sunday,0.6715099999999999,0.31648000000000004,0.0,0.98799
2025-09-28 14:00:00,657.59,347.36,0.0,ON,ON,OFF,1004.95,2025-09-28,14,Sunday,0.65759,0.34736,0.0,1.00495
2025-09-28 15:00:00,608.52,0.0,0.0,ON,OFF,OFF,608.52,2025-09-28,15,Sunday,0.60852,0.0,0.0,0.60852
2025-09-28 16:00:00,628.54,351.77,0.0,ON,ON,OFF,980.31,2025-09-28,16,Sunday,0.62854,0.35176999999999997,0.0,0.9803099999999999
2025-09-28 17:00:00,0.0,0.0,455.78,OFF,OFF,ON,455.78,2025-09-28,17,Sunday,0.0,0.0,0.45577999999999996,0.45577999999999996
2025-09-28 18:00:00,0.0,0.0,0.0,OFF,OFF,OFF,0.0,2025-09-28,18,Sunday,0.0,0.0,0.0,0.0
2025-09-28 19:00:00,571.9,362.14,0.0,ON,ON,OFF,934.04,2025-09-28,19,Sunday,0.5719,0.36213999999999996,0.0,0.93404
2025-09-28 20:00:00,737.43,330.7,0.0,ON,ON,OFF,1068.1299999999999,2025-09-28,20,Sunday,0.7374299999999999,0.3307,0.0,1.0681299999999998
2025-09-28 21:00:00,576.85,302.76,0.0,ON,ON,OFF,879.61,2025-09-28,21,Sunday,0.57685,0.30276,0.0,0.87961
2025-09-28 22:00:00,672.31,0.0,432.35,ON,OFF,ON,1104.6599999999999,2025-09-28,22,Sunday,0.67231,0.0,0.43235,1.1046599999999998
2025-09-28 23:00:00,0.0,317.21,0.0,OFF,ON,OFF,317.21,2025-09-28,23,Sunday,0.0,0.31721,0.0,0.31721
2025-09-29 00:00:00,0.0,0.0,0.0,OFF,OFF,OFF,0.0,2025-09-29,0,Monday,0.0,0.0,0.0,0.0
2025-09-29 01:00:00,0.0,309.81,0.0,OFF,ON,OFF,309.81,2025-09-29,1,Monday,0.0,0.30981000000000003,0.0,0.30981000000000003
2025-09-29 02:00:00,0.0,307.29,0.0,OFF,ON,OFF,307.29,2025-09-29,2,Monday,0.0,0.30729,0.0,0.30729
2025-09-29 03:00:00,0.0,360.01,0.0,OFF,ON,OFF,360.01,2025-09-29,3,Monday,0.0,0.36001,0.0,0.36001
2025-09-29 04:00:00,0.0,304.36,0.0,OFF,ON,OFF,304.36,2025-09-29,4,Monday,0.0,0.30436,0.0,0.30436
2025-09-29 05:00:00,0.0,0.0,0.0,OFF,OFF,OFF,0.0,2025-09-29,5,Monday,0.0,0.0,0.0,0.0
2025-09-29 06:00:00,0.0,318.06,0.0,OFF,ON,OFF,318.06,2025-09-29,6,Monday,0.0,0.31806,0.0,0.31806
2025-09-29 07:00:00,661.56,0.0,0.0,ON,OFF,OFF,661.56,2025-09-29,7,Monday,0.6615599999999999,0.0,0.0,0.6615599999999999
2025-09-29 08:00:00,0.0,0.0,0.0,OFF,OFF,OFF,0.0,2025-09-29,8,Monday,0.0,0.0,0.0,0.0
2025-09-29 09:00:00,707.94,312.92,0.0,ON,ON,OFF,1020.8600000000001,2025-09-29,9,Monday,0.70794,0.31292000000000003,0.0,1.02086
2025-09-29 10:00:00,562.43,0.0,0.0,ON,OFF,OFF,562.43,2025-09-29,10,Monday,0.56243,0.0,0.0,0.56243
2025-09-29 11:00:00,0.0,0.0,0.0,OFF,OFF,OFF,0.0,2025-09-29,11,Monday,0.0,0.0,0.0,0.0
2025-09-29 12:00:00,0.0,338.93,0.0,OFF,ON,OFF,338.93,2025-09-29,12,Monday,0.0,0.33893,0.0,0.33893
2025-09-29 13:00:00,564.37,300.71,0.0,ON,ON,OFF,865.0799999999999,2025-09-29,13,Monday,0.56437,0.30071,0.0,0.86508
2025-09-29 14:00:00,0.0,356.09,0.0,OFF,ON,OFF,356.09,2025-09-29,14,Monday,0.0,0.35608999999999996,0.0,0.35608999999999996
2025-09-29 15:00:00,0.0,326.83,404.2,OFF,ON,ON,731.03,2025-09-29,15,Monday,0.0,0.32683,0.4042,0.73103
2025-09-29 16:00:00,565.89,0.0,0.0,ON,OFF,OFF,565.89,2025-09-29,16,Monday,0.56589,0.0,0.0,0.56589
2025-09-29 17:00:00,0.0,308.79,0.0,OFF,ON,OFF,308.79,2025-09-29,17,Monday,0.0,0.30879,0.0,0.30879
2025-09-29 18:00:00,682.46,0.0,412.4,ON,OFF,ON,1094.8600000000001,2025-09-29,18,Monday,0.6824600000000001,0.0,0.4124,1.0948600000000002
2025-09-29 19:00:00,572.12,314.89,0.0,ON,ON,OFF,887.01,2025-09-29,19,Monday,0.57212,0.31489,0.0,0.88701
2025-09-29 20:00:00,664.0,338.01,0.0,ON,ON,OFF,1002.01,2025-09-29,20,Monday,0.664,0.33801,0.0,1.00201
2025-09-29 21:00:00,0.0,0.0,0.0,OFF,OFF,OFF,0.0,2025-09-29,21,Monday,0.0,0.0,0.0,0.0
2025-09-29 22:00:00,0.0,328.39,0.0,OFF,ON,OFF,328.39,2025-09-29,22,Monday,0.0,0.32838999999999996,0.0,0.32838999999999996
2025-09-29 23:00:00,0.0,308.31,0.0,OFF,ON,OFF,308.31,2025-09-29,23,Monday,0.0,0.30831000000000003,0.0,0.30831000000000003
2025-09-30 00:00:00,0.0,347.75,0.0,OFF,ON,OFF,347.75,2025-09-30,0,Tuesday,0.0,0.34775,0.0,0.34775
2025-09-30 01:00:00,711.65,0.0,0.0,ON,OFF,OFF,711.65,2025-09-30,1,Tuesday,0.71165,0.0,0.0,0.71165
2025-09-30 02:00:00,0.0,0.0,0.0,OFF,OFF,OFF,0.0,2025-09-30,2,Tuesday,0.0,0.0,0.0,0.0
2025-09-30 03:00:00,0.0,356.89,0.0,OFF,ON,OFF,356.89,2025-09-30,3,Tuesday,0.0,0.35689,0.0,0.35689
2025-09-30 04:00:00,727.39,0.0,0.0,ON,OFF,OFF,727.39,2025-09-30,4,Tuesday,0.72739,0.0,0.0,0.72739
2025-09-30 05:00:00,0.0,352.14,0.0,OFF,ON,OFF,352.14,2025-09-30,5,Tuesday,0.0,0.35214,0.0,0.35214
2025-09-30 06:00:00,697.96,356.67,0.0,ON,ON,OFF,1054.63,2025-09-30,6,Tuesday,0.69796,0.35667000000000004,0.0,1.0546300000000002
2025-09-30 07:00:00,671.47,0.0,0.0,ON,OFF,OFF,671.47,2025-09-30,7,Tuesday,0.67147,0.0,0.0,0.67147
2025-09-30 08:00:00,0.0,354.54,0.0,OFF,ON,OFF,354.54,2025-09-30,8,Tuesday,0.0,0.35454,0.0,0.35454
2025-09-30 09:00:00,0.0,302.41,0.0,OFF,ON,OFF,302.41,2025-09-30,9,Tuesday,0.0,0.30241,0.0,0.30241
2025-09-30 10:00:00,560.2,356.93,0.0,ON,ON,OFF,917.1300000000001,2025-09-30,10,Tuesday,0.5602,0.35693,0.0,0.9171300000000001
2025-09-30 11:00:00,741.68,352.08,0.0,ON,ON,OFF,1093.76,2025-09-30,11,Tuesday,0.7416799999999999,0.35208,0.0,1.09376
2025-09-30 12:00:00,741.37,347.48,0.0,ON,ON,OFF,1088.85,2025-09-30,12,Tuesday,0.74137,0.34748,0.0,1.0888499999999999
2025-09-30 13:00:00,0.0,0.0,0.0,OFF,OFF,OFF,0.0,2025-09-30,13,Tuesday,0.0,0.0,0.0,0.0
2025-09-30 14:00:00,580.04,0.0,0.0,ON,OFF,OFF,580.04,2025-09-30,14,Tuesday,0.58004,0.0,0.0,0.58004
2025-09-30 15:00:00,747.59,348.63,0.0,ON,ON,OFF,1096.22,2025-09-30,15,Tuesday,0.74759,0.34863,0.0,1.09622
2025-09-30 16:00:00,0.0,0.0,0.0,OFF,OFF,OFF,0.0,2025-09-30,16,Tuesday,0.0,0.0,0.0,0.0
2025-09-30 17:00:00,0.0,0.0,0.0,OFF,OFF,OFF,0.0,2025-09-30,17,Tuesday,0.0,0.0,0.0,0.0
2025-09-30 18:00:00,0.0,308.01,0.0,OFF,ON,OFF,308.01,2025-09-30,18,Tuesday,0.0,0.30801,0.0,0.30801
2025-09-30 19:00:00,704.13,358.97,0.0,ON,ON,OFF,1063.1,2025-09-30,19,Tuesday,0.70413,0.35897,0.0,1.0631
2025-09-30 20:00:00,0.0,360.05,0.0,OFF,ON,OFF,360.05,2025-09-30,20,Tuesday,0.0,0.36005000000000004,0.0,0.36005000000000004
2025-09-30 21:00:00,751.32,311.01,0.0,ON,ON,OFF,1062.33,2025-09-30,21,Tuesday,0.7513200000000001,0.31101,0.0,1.06233
2025-09-30 22:00:00,707.4,0.0,411.58,ON,OFF,ON,1118.98,2025-09-30,22,Tuesday,0.7074,0.0,0.41158,1.11898
2025-09-30 23:00:00,0.0,302.31,0.0,OFF,ON,OFF,302.31,2025-09-30,23,Tuesday,0.0,0.30231,0.0,0.30231
